method_code,method_name,section,grades,recommended_competitions
A1,"Прямые вычисления и арифметика","A","[5, 6, 7, 8, 9]","ВсОШ, Ломоносов, Курчатов"
A2,"Текстовые задачи (общее)","A","[5, 6, 7, 8, 9]","ВсОШ, Ломоносов"
A2a,"Движение","A","[5, 6, 7, 8, 9]","ВсОШ, Ломоносов, Физтех"
A2b,"Работа и производительность","A","[5, 6, 7, 8, 9]","ВсОШ, Ломоносов"
A2c,"Проценты, концентрации, сплавы","A","[6, 7, 8, 9, 10]","ВсОШ, Высшая проба, Ломоносов"
B1,"Рыцари и лжецы","B","[5, 6, 7, 8, 9]","ВсОШ, Турнир городов"
B2,"Симуляция процесса по шагам","B","[6, 7, 8, 9]","ВсОШ"
B3,"Взвешивания и адаптивные измерения","B","[7, 8, 9, 10, 11]","ВсОШ, Турнир городов"
B4,"Шляпы и стратегии с информацией","B","[9, 10, 11]","ВсОШ заключ., Турнир городов"
B5,"Переправы и перевозки","B","[6, 7, 8, 9]","ВсОШ"
B6,"Турниры и линейные порядки","B","[8, 9, 10, 11]","ВсОШ, Физтех"
B7,"Парная стратегия (доминошки)","B","[7, 8, 9, 10]","ВсОШ"
C1,"ФСУ и алгебраические тождества","C","[7, 8, 9, 10, 11]","ВсОШ, Ломоносов, Курчатов, Физтех"
C2,"Дискриминант и квадратные уравнения","C","[8, 9, 10, 11]","ВсОШ, Ломоносов, Физтех"
C3,"Общий корень многочленов","C","[9, 10, 11]","ВсОШ, Курчатов"
C4,"Подстановки и замены переменной","C","[8, 9, 10, 11]","ВсОШ, Ломоносов"
C5,"Многочлены (общее)","C","[9, 10, 11]","ВсОШ, Курчатов, Физтех"
C5a,"Теорема Виета","C","[9, 10, 11]","ВсОШ, Ломоносов, Физтех"
C5b,"Деление многочленов, остатки","C","[9, 10, 11]","ВсОШ, Курчатов"
C6,"Многочлены с целыми коэф., теорема о корнях","C","[10, 11]","ВсОШ заключ., Физтех"
C7,"Функциональные уравнения","C","[10, 11]","ВсОШ заключ., Турнир городов"
C8,"Целая и дробная часть","C","[9, 10, 11]","ВсОШ, Высшая проба"
C9,"Рекуррентные последовательности","C","[10, 11]","Физтех, Курчатов"
C10,"Математическая индукция","C","[8, 9, 10, 11]","ВсОШ, Ломоносов, Курчатов, Физтех"
C11,"Тождества Софи Жермен и продвинутая факторизация","C","[9, 10, 11]","ВсОШ заключ., Курчатов, Турнир городов"
C12,"Симметрические многочлены и переход к s,p","C","[9, 10, 11]","ВсОШ, Ломоносов, Физтех"
D1,"Делимость, признаки делимости","D","[6, 7, 8, 9, 10, 11]","ВсОШ, Ломоносов, Курчатов"
D1a,"Признаки делимости на 2,3,4,5,8,9,11","D","[6, 7, 8, 9]","ВсОШ, Ломоносов"
D1b,"Серия конструкций (бесконечно много примеров)","D","[9, 10, 11]","ВсОШ заключ."
D2,"НОД, НОК, алгоритм Евклида","D","[7, 8, 9, 10, 11]","ВсОШ, Ломоносов, Курчатов"
D3,"Сравнения по модулю","D","[8, 9, 10, 11]","ВсОШ, Ломоносов, Физтех"
D4,"Бесконечный спуск","D","[10, 11]","ВсОШ заключ., Физтех"
D5,"Китайская теорема об остатках","D","[10, 11]","ВсОШ заключ., Турнир городов"
D6,"Алгебраические тождества в ТЧ","D","[9, 10, 11]","ВсОШ, Курчатов"
D7,"LTE (Lifting the Exponent)","D","[10, 11]","ВсОШ заключ., Турнир городов"
D8,"Анализ остатков по конкретному модулю","D","[8, 9, 10, 11]","ВсОШ, Ломоносов"
D9,"Простые числа и их распределение","D","[9, 10, 11]","ВсОШ, Курчатов"
D10,"p-адическое v_p и формула Лежандра","D","[10, 11]","ВсОШ заключ., Физтех"
D11,"Разложения в столбик, цифровые суммы","D","[8, 9, 10, 11]","ВсОШ, Ломоносов"
D12,"Целочисленные оценки","D","[9, 10, 11]","ВсОШ, Ломоносов, Курчатов"
D13,"Диофантовы уравнения: общий метод (оценка + перебор остатков)","D","[8, 9, 10, 11]","ВсОШ, Ломоносов, Курчатов"
E1,"Прямой подсчёт и перебор","E","[6, 7, 8, 9, 10, 11]","ВсОШ, Ломоносов"
E2,"Биекция и инъекция","E","[9, 10, 11]","ВсОШ заключ."
E3,"Двойной счёт (классика)","E","[8, 9, 10, 11]","ВсОШ, Курчатов"
E4,"Принцип Дирихле","E","[7, 8, 9, 10, 11]","ВсОШ, Ломоносов, Курчатов"
E5,"Инварианты по модулю","E","[8, 9, 10, 11]","ВсОШ, Ломоносов, Курчатов"
E5a,"Логарифмы и показательные уравнения","E","[9, 10, 11]","Физтех, Ломоносов"
E5b,"Тригонометрические уравнения","E","[10, 11]","Физтех, Высшая проба"
E6,"Графы (общее)","E","[8, 9, 10, 11]","ВсОШ, Курчатов"
E6a,"Чётность функций","E","[9, 10, 11]","Физтех, Ломоносов"
E6b,"Графы: обходы, эйлеровы пути","E","[9, 10, 11]","ВсОШ заключ., Турнир городов"
E6c,"Периодичность функций","E","[10, 11]","Физтех"
E7,"Игры: парные стратегии, чётностные инварианты","E","[8, 9, 10, 11]","ВсОШ, Турнир городов"
E8,"Вероятностный метод (Эрдёш)","E","[10, 11]","ВсОШ заключ."
E9,"Экстремальный принцип","E","[8, 9, 10, 11]","ВсОШ, Курчатов, Турнир городов"
E10,"Двойной счёт","E","[8, 9, 10, 11]","ВсОШ, Курчатов, Ломоносов"
E10a,"Корни многочленов в комбинаторике","E","[10, 11]","ВсОШ заключ., Физтех"
E10b,"Двойной счёт через инциденции","E","[9, 10, 11]","ВсОШ заключ., Курчатов"
E11,"Циклическое разрезание (равные блоки)","E","[9, 10, 11]","ВсОШ заключ., Турнир городов"
E12,"Расстановка ладей с гарантированным выбором","E","[10, 11]","ВсОШ заключ."
E13,"Графы: связность, деревья","E","[9, 10, 11]","ВсОШ заключ., Курчатов"
E14,"Оценка + пример (главный жанр ВсОШ)","E","[9, 10, 11]","ВсОШ, Курчатов, Высшая проба"
E14a,"Алгебраические группировки в оценке","E","[10, 11]","ВсОШ заключ., Высшая проба"
E14b,"Явное построение примера (конструкция)","E","[9, 10, 11]","ВсОШ, Высшая проба"
E15,"Принцип включений-исключений","E","[9, 10, 11]","ВсОШ, Ломоносов, Курчатов, Высшая проба"
E16,"Раскраски как инвариант","E","[7, 8, 9, 10, 11]","ВсОШ, Ломоносов, Турнир городов"
E17,"Метод усреднения","E","[8, 9, 10, 11]","ВсОШ, Курчатов, Турнир городов"
E18,"Симметричная стратегия (копирование) в играх","E","[7, 8, 9, 10, 11]","ВсОШ, Ломоносов, Турнир городов"
F1,"Треугольники: равенство, подобие, медианы","F","[7, 8, 9, 10, 11]","ВсОШ, Ломоносов, Физтех"
F2,"Окружности: вписанные углы, степень точки","F","[8, 9, 10, 11]","ВсОШ, Ломоносов, Курчатов, Физтех"
F3,"Вписанные/описанные 4-угольники","F","[9, 10, 11]","ВсОШ, Ломоносов, Курчатов"
F4,"Дополнительное построение (общее)","F","[9, 10, 11]","ВсОШ, Курчатов"
F4a,"Симметрия, поворот, перенос","F","[9, 10, 11]","ВсОШ, Курчатов, Турнир городов"
F4b,"Касательные к окружности","F","[9, 10, 11]","ВсОШ заключ., Курчатов"
F5,"Гомотетия и спиральное подобие","F","[10, 11]","ВсОШ заключ., Физтех"
F6,"Площади: двойной подсчёт, средние линии","F","[8, 9, 10, 11]","ВсОШ, Ломоносов"
F7,"Векторы и скалярное произведение","F","[9, 10, 11]","Физтех, Высшая проба"
F8,"Комбинаторная геометрия","F","[9, 10, 11]","ВсОШ заключ., Турнир городов"
F9,"Координатный метод (общее)","F","[9, 10, 11]","Физтех, Ломоносов"
F9a,"Координаты на плоскости","F","[9, 10, 11]","Физтех, Ломоносов, Высшая проба"
F9b,"Векторы для геометрических задач","F","[10, 11]","Физтех, Высшая проба"
F10,"Тригонометрия в треугольнике","F","[9, 10, 11]","Физтех, Ломоносов"
F11,"Разрезания и замощения","F","[7, 8, 9, 10, 11]","ВсОШ, Турнир городов"
F12,"Стереометрия (общее)","F","[10, 11]","Физтех, Высшая проба"
F13,"Инцентр, биссектрисы, равные касательные","F","[9, 10, 11]","ВсОШ заключ., Курчатов"
F14,"Геометрическое место точек (ГМТ)","F","[9, 10, 11]","ВсОШ, Курчатов"
F15,"Инверсия","F","[10, 11]","ВсОШ заключ., Турнир городов, междунар."
F16,"Метод площадей (отношения через площади)","F","[8, 9, 10, 11]","ВсОШ, Ломоносов, Курчатов"
F17,"Барицентрические координаты","F","[10, 11]","Физтех, Высшая проба, Турнир городов"
G1,"AM-GM и средние","G","[9, 10, 11]","ВсОШ заключ., Высшая проба, Физтех"
G2,"Коши-Буняковский, перегруппировки","G","[10, 11]","Физтех, Высшая проба"
G3,"Шур и SOS-разложение","G","[11]","Высшая проба, Турнир городов"
G4,"Йенсен (выпуклые функции)","G","[10, 11]","Физтех, Высшая проба"
G5,"SOS-расширения","G","[11]","Турнир городов, междунар."
G6,"Симметричные/циклические неравенства","G","[10, 11]","ВсОШ заключ., Физтех"
G7,"Метод касательных, локальные возмущения","G","[11]","Высшая проба, междунар."
G8,"Подстановки и нормализация в симметричных неравенствах","G","[10, 11]","ВсОШ заключ., Высшая проба, Турнир городов"
H1,"Пределы и непрерывность","H","[11]","Физтех, Высшая проба"
H2,"Производные: исследование функций","H","[10, 11]","Физтех, Высшая проба"
H3,"Интегралы и площади","H","[11]","Физтех, Высшая проба"
H4,"Ряды и сходимость","H","[11]","Физтех"
H5,"Метод вспомогательной функции","H","[10, 11]","Физтех, Высшая проба, ВсОШ заключ."
