grade,theme_id,theme,level,count,shortage,status
10,T012,Неравенства: метод интервалов и рациональные,1,5,0,READY
10,T012,Неравенства: метод интервалов и рациональные,2,4,1,EMPTY
10,T012,Неравенства: метод интервалов и рациональные,3,4,1,EMPTY
10,T017,Планиметрия: окружность,1,5,0,READY
10,T017,Планиметрия: окружность,2,5,0,READY
10,T017,Планиметрия: окружность,3,5,0,READY
10,T018,Планиметрия: площадь,1,5,0,READY
10,T018,Планиметрия: площадь,2,5,0,READY
10,T018,Планиметрия: площадь,3,5,0,READY
10,T035,Тригонометрические уравнения,1,4,1,EMPTY
10,T035,Тригонометрические уравнения,2,4,1,EMPTY
10,T035,Тригонометрические уравнения,3,5,0,READY
10,T036,Тригонометрия: преобразования,1,4,1,EMPTY
10,T036,Тригонометрия: преобразования,2,3,2,EMPTY
10,T036,Тригонометрия: преобразования,3,3,2,EMPTY
10,T039,Уравнения: показательные и логарифмические,1,5,0,READY
10,T039,Уравнения: показательные и логарифмические,2,5,0,READY
10,T039,Уравнения: показательные и логарифмические,3,3,2,PARTIAL
11,T001,Алгебра: теория групп,1,5,0,READY
11,T001,Алгебра: теория групп,2,5,0,READY
11,T001,Алгебра: теория групп,3,5,0,READY
11,T003,Вероятность и комбинаторика,1,5,0,READY
11,T003,Вероятность и комбинаторика,2,5,0,READY
11,T003,Вероятность и комбинаторика,3,5,0,READY
11,T005,Дополнительные задачи и смешанные темы,1,4,1,EMPTY
11,T005,Дополнительные задачи и смешанные темы,2,3,2,EMPTY
11,T005,Дополнительные задачи и смешанные темы,3,4,1,EMPTY
11,T007,Комбинаторика и теория игр,1,5,0,READY
11,T007,Комбинаторика и теория игр,2,5,0,READY
11,T007,Комбинаторика и теория игр,3,5,0,READY
11,T008,Логика и множества,1,5,0,READY
11,T008,Логика и множества,2,5,0,READY
11,T008,Логика и множества,3,5,0,READY
11,T010,Метод координат: векторы,1,5,0,READY
11,T010,Метод координат: векторы,2,5,0,READY
11,T010,Метод координат: векторы,3,5,0,READY
11,T013,Неравенства: показательные и логарифмические,1,1,4,EMPTY
11,T013,Неравенства: показательные и логарифмические,2,2,3,EMPTY
11,T013,Неравенства: показательные и логарифмические,3,1,4,EMPTY
11,T014,Неравенства: тригонометрические,1,2,3,EMPTY
11,T014,Неравенства: тригонометрические,2,4,1,EMPTY
11,T014,Неравенства: тригонометрические,3,2,3,EMPTY
11,T015,Неравенства: числовые наборы,1,4,1,EMPTY
11,T015,Неравенства: числовые наборы,2,5,0,READY
11,T015,Неравенства: числовые наборы,3,4,1,EMPTY
11,T021,Производная и её применение,1,5,0,READY
11,T021,Производная и её применение,2,5,0,READY
11,T021,Производная и её применение,3,4,1,PARTIAL
11,T028,Стереометрия: аксиомы и прямые,1,4,1,EMPTY
11,T028,Стереометрия: аксиомы и прямые,2,5,0,READY
11,T028,Стереометрия: аксиомы и прямые,3,1,4,EMPTY
11,T029,Стереометрия: многогранники,1,2,3,EMPTY
11,T029,Стереометрия: многогранники,2,0,5,EMPTY
11,T029,Стереометрия: многогранники,3,0,5,EMPTY
11,T030,Стереометрия: тела вращения,1,1,4,EMPTY
11,T030,Стереометрия: тела вращения,2,0,5,EMPTY
11,T030,Стереометрия: тела вращения,3,0,5,EMPTY
11,T031,Стереометрия: угол и расстояние,1,5,0,READY
11,T031,Стереометрия: угол и расстояние,2,3,2,PARTIAL
11,T031,Стереометрия: угол и расстояние,3,5,0,READY
11,T034,Теория вероятностей: дискретные распределения,1,5,0,READY
11,T034,Теория вероятностей: дискретные распределения,2,5,0,READY
11,T034,Теория вероятностей: дискретные распределения,3,5,0,READY
11,T040,Уравнения: тригонометрические системы,1,5,0,READY
11,T040,Уравнения: тригонометрические системы,2,5,0,READY
11,T040,Уравнения: тригонометрические системы,3,4,1,PARTIAL
6,T027,Системы уравнений,1,5,0,READY
6,T027,Системы уравнений,2,5,0,READY
6,T027,Системы уравнений,3,3,2,EMPTY
7,T022,"Проценты, отношения и пропорции",1,5,0,READY
7,T022,"Проценты, отношения и пропорции",2,4,1,EMPTY
7,T022,"Проценты, отношения и пропорции",3,5,0,READY
7,T024,Решение задач: анализ и интерпретация,1,5,0,READY
7,T024,Решение задач: анализ и интерпретация,2,5,0,READY
7,T024,Решение задач: анализ и интерпретация,3,5,0,READY
7,T032,Текстовые задачи: движение,1,5,0,READY
7,T032,Текстовые задачи: движение,2,5,0,READY
7,T032,Текстовые задачи: движение,3,4,1,EMPTY
7,T033,Текстовые задачи: производительность и смеси,1,5,0,READY
7,T033,Текстовые задачи: производительность и смеси,2,5,0,READY
7,T033,Текстовые задачи: производительность и смеси,3,5,0,READY
8,T026,Решение уравнений: разложение на множители,1,4,1,EMPTY
8,T026,Решение уравнений: разложение на множители,2,0,5,EMPTY
8,T026,Решение уравнений: разложение на множители,3,0,5,EMPTY
8,T037,Уравнения с модулем,1,5,0,READY
8,T037,Уравнения с модулем,2,5,0,READY
8,T037,Уравнения с модулем,3,5,0,READY
8,T038,Уравнения: иррациональные,1,5,0,READY
8,T038,Уравнения: иррациональные,2,5,0,READY
8,T038,Уравнения: иррациональные,3,5,0,READY
9,T002,Арифметика и теория чисел,1,5,0,READY
9,T002,Арифметика и теория чисел,2,5,0,READY
9,T002,Арифметика и теория чисел,3,4,1,EMPTY
9,T004,Графы: основные понятия,1,5,0,READY
9,T004,Графы: основные понятия,2,5,0,READY
9,T004,Графы: основные понятия,3,5,0,READY
9,T006,Комбинаторика и вероятность,1,5,0,READY
9,T006,Комбинаторика и вероятность,2,5,0,READY
9,T006,Комбинаторика и вероятность,3,4,1,EMPTY
9,T009,Метод координат: декартовы координаты,1,5,0,READY
9,T009,Метод координат: декартовы координаты,2,5,0,READY
9,T009,Метод координат: декартовы координаты,3,5,0,READY
9,T011,Неравенства: алгебраические неравенства,1,2,3,EMPTY
9,T011,Неравенства: алгебраические неравенства,2,0,5,EMPTY
9,T011,Неравенства: алгебраические неравенства,3,0,5,EMPTY
9,T016,Планиметрия: многоугольники,1,5,0,READY
9,T016,Планиметрия: многоугольники,2,5,0,READY
9,T016,Планиметрия: многоугольники,3,5,0,READY
9,T019,Планиметрия: треугольники,1,5,0,READY
9,T019,Планиметрия: треугольники,2,5,0,READY
9,T019,Планиметрия: треугольники,3,5,0,READY
9,T020,Последовательности и прогрессии,1,5,0,READY
9,T020,Последовательности и прогрессии,2,5,0,READY
9,T020,Последовательности и прогрессии,3,4,1,PARTIAL
9,T023,Рациональные уравнения и неравенства,1,5,0,READY
9,T023,Рациональные уравнения и неравенства,2,3,2,EMPTY
9,T023,Рациональные уравнения и неравенства,3,4,1,EMPTY
9,T025,Решение уравнений: методы замены,1,5,0,READY
9,T025,Решение уравнений: методы замены,2,0,5,EMPTY
9,T025,Решение уравнений: методы замены,3,1,4,EMPTY
9,T041,"Числа, индукция, алгоритмы",1,5,0,READY
9,T041,"Числа, индукция, алгоритмы",2,5,0,READY
9,T041,"Числа, индукция, алгоритмы",3,4,1,EMPTY
