slot_key,c01,c02,c03,c04,c05,c06,c07,c08,c09,c10,c11,c12,total_failed
G10|L4|T013|S1,MISSING,MISSING,MISSING,MISSING,MISSING,MISSING,MISSING,MISSING,MISSING,MISSING,MISSING,MISSING,12
G10|L5|T028|S0,MISSING,MISSING,MISSING,MISSING,MISSING,MISSING,MISSING,MISSING,MISSING,MISSING,MISSING,MISSING,12
G10|L5|T028|S1,MISSING,MISSING,MISSING,MISSING,MISSING,MISSING,MISSING,MISSING,MISSING,MISSING,MISSING,MISSING,12
G10|L4|T013|S2,MISSING,MISSING,MISSING,MISSING,MISSING,MISSING,MISSING,MISSING,MISSING,MISSING,MISSING,MISSING,12
G10|L4|T013|S0,MISSING,MISSING,MISSING,MISSING,MISSING,MISSING,MISSING,MISSING,MISSING,MISSING,MISSING,MISSING,12
G10|L4|T039|S2,MISSING,MISSING,MISSING,MISSING,MISSING,MISSING,MISSING,MISSING,MISSING,MISSING,MISSING,MISSING,12
G10|L4|T039|S1,MISSING,MISSING,MISSING,MISSING,MISSING,MISSING,MISSING,MISSING,MISSING,MISSING,MISSING,MISSING,12
G10|L4|T039|S0,MISSING,MISSING,MISSING,MISSING,MISSING,MISSING,MISSING,MISSING,MISSING,MISSING,MISSING,MISSING,12
G10|L5|T028|S2,MISSING,MISSING,MISSING,MISSING,MISSING,MISSING,MISSING,MISSING,MISSING,MISSING,MISSING,MISSING,12
G10|L4|T028|S0,MISSING,MISSING,MISSING,MISSING,MISSING,MISSING,MISSING,MISSING,MISSING,MISSING,MISSING,MISSING,12
G10|L4|T028|S2,MISSING,MISSING,MISSING,MISSING,MISSING,MISSING,MISSING,MISSING,MISSING,MISSING,MISSING,MISSING,12
G10|L4|T028|S1,MISSING,MISSING,MISSING,MISSING,MISSING,MISSING,MISSING,MISSING,MISSING,MISSING,MISSING,MISSING,12
G10|L4|T014|S0,MISSING,MISSING,MISSING,MISSING,MISSING,MISSING,MISSING,MISSING,MISSING,MISSING,MISSING,MISSING,12
G10|L4|T014|S2,MISSING,MISSING,MISSING,MISSING,MISSING,MISSING,MISSING,MISSING,MISSING,MISSING,MISSING,MISSING,12
G10|L4|T014|S1,MISSING,MISSING,MISSING,MISSING,MISSING,MISSING,MISSING,MISSING,MISSING,MISSING,MISSING,MISSING,12
G10|L5|T013|S1,MISSING,MISSING,MISSING,MISSING,MISSING,MISSING,MISSING,MISSING,MISSING,MISSING,MISSING,MISSING,12
G10|L5|T029|S0,MISSING,MISSING,MISSING,MISSING,MISSING,MISSING,MISSING,MISSING,MISSING,MISSING,MISSING,MISSING,12
G10|L5|T029|S2,MISSING,MISSING,MISSING,MISSING,MISSING,MISSING,MISSING,MISSING,MISSING,MISSING,MISSING,MISSING,12
G10|L5|T029|S1,MISSING,MISSING,MISSING,MISSING,MISSING,MISSING,MISSING,MISSING,MISSING,MISSING,MISSING,MISSING,12
G10|L5|T013|S0,MISSING,MISSING,MISSING,MISSING,MISSING,MISSING,MISSING,MISSING,MISSING,MISSING,MISSING,MISSING,12
G10|L4|T030|S0,MISSING,MISSING,MISSING,MISSING,MISSING,MISSING,MISSING,MISSING,MISSING,MISSING,MISSING,MISSING,12
G10|L5|T013|S2,MISSING,MISSING,MISSING,MISSING,MISSING,MISSING,MISSING,MISSING,MISSING,MISSING,MISSING,MISSING,12
G10|L5|T014|S2,MISSING,MISSING,MISSING,MISSING,MISSING,MISSING,MISSING,MISSING,MISSING,MISSING,MISSING,MISSING,12
G10|L5|T014|S0,MISSING,MISSING,MISSING,MISSING,MISSING,MISSING,MISSING,MISSING,MISSING,MISSING,MISSING,MISSING,12
G10|L5|T014|S1,MISSING,MISSING,MISSING,MISSING,MISSING,MISSING,MISSING,MISSING,MISSING,MISSING,MISSING,MISSING,12
G10|L4|T029|S2,MISSING,MISSING,MISSING,MISSING,MISSING,MISSING,MISSING,MISSING,MISSING,MISSING,MISSING,MISSING,12
G10|L4|T030|S1,MISSING,MISSING,MISSING,MISSING,MISSING,MISSING,MISSING,MISSING,MISSING,MISSING,MISSING,MISSING,12
G10|L4|T029|S0,MISSING,MISSING,MISSING,MISSING,MISSING,MISSING,MISSING,MISSING,MISSING,MISSING,MISSING,MISSING,12
G10|L4|T029|S1,MISSING,MISSING,MISSING,MISSING,MISSING,MISSING,MISSING,MISSING,MISSING,MISSING,MISSING,MISSING,12
G10|L4|T030|S2,MISSING,MISSING,MISSING,MISSING,MISSING,MISSING,MISSING,MISSING,MISSING,MISSING,MISSING,MISSING,12
G11|L4|T001|S0,MISSING,MISSING,MISSING,MISSING,MISSING,MISSING,MISSING,MISSING,MISSING,MISSING,MISSING,MISSING,12
G11|L4|T001|S1,MISSING,MISSING,MISSING,MISSING,MISSING,MISSING,MISSING,MISSING,MISSING,MISSING,MISSING,MISSING,12
G11|L4|T001|S2,MISSING,MISSING,MISSING,MISSING,MISSING,MISSING,MISSING,MISSING,MISSING,MISSING,MISSING,MISSING,12
G11|L4|T031|S1,MISSING,MISSING,MISSING,MISSING,MISSING,MISSING,MISSING,MISSING,MISSING,MISSING,MISSING,MISSING,12
G11|L4|T031|S0,MISSING,MISSING,MISSING,MISSING,MISSING,MISSING,MISSING,MISSING,MISSING,MISSING,MISSING,MISSING,12
G11|L4|T040|S0,MISSING,MISSING,MISSING,MISSING,MISSING,MISSING,MISSING,MISSING,MISSING,MISSING,MISSING,MISSING,12
G11|L4|T034|S2,MISSING,MISSING,MISSING,MISSING,MISSING,MISSING,MISSING,MISSING,MISSING,MISSING,MISSING,MISSING,12
G11|L4|T031|S2,MISSING,MISSING,MISSING,MISSING,MISSING,MISSING,MISSING,MISSING,MISSING,MISSING,MISSING,MISSING,12
G11|L4|T034|S1,MISSING,MISSING,MISSING,MISSING,MISSING,MISSING,MISSING,MISSING,MISSING,MISSING,MISSING,MISSING,12
G11|L4|T034|S0,MISSING,MISSING,MISSING,MISSING,MISSING,MISSING,MISSING,MISSING,MISSING,MISSING,MISSING,MISSING,12
G10|L5|T030|S1,MISSING,MISSING,MISSING,MISSING,MISSING,MISSING,MISSING,MISSING,MISSING,MISSING,MISSING,MISSING,12
G11|L4|T040|S1,MISSING,MISSING,MISSING,MISSING,MISSING,MISSING,MISSING,MISSING,MISSING,MISSING,MISSING,MISSING,12
G10|L5|T030|S0,MISSING,MISSING,MISSING,MISSING,MISSING,MISSING,MISSING,MISSING,MISSING,MISSING,MISSING,MISSING,12
G10|L5|T030|S2,MISSING,MISSING,MISSING,MISSING,MISSING,MISSING,MISSING,MISSING,MISSING,MISSING,MISSING,MISSING,12
G11|L4|T040|S2,MISSING,MISSING,MISSING,MISSING,MISSING,MISSING,MISSING,MISSING,MISSING,MISSING,MISSING,MISSING,12
G11|L4|T021|S1,MISSING,MISSING,MISSING,MISSING,MISSING,MISSING,MISSING,MISSING,MISSING,MISSING,MISSING,MISSING,12
G11|L4|T021|S0,MISSING,MISSING,MISSING,MISSING,MISSING,MISSING,MISSING,MISSING,MISSING,MISSING,MISSING,MISSING,12
G11|L5|T001|S0,MISSING,MISSING,MISSING,MISSING,MISSING,MISSING,MISSING,MISSING,MISSING,MISSING,MISSING,MISSING,12
G11|L4|T021|S2,MISSING,MISSING,MISSING,MISSING,MISSING,MISSING,MISSING,MISSING,MISSING,MISSING,MISSING,MISSING,12
G11|L5|T001|S1,MISSING,MISSING,MISSING,MISSING,MISSING,MISSING,MISSING,MISSING,MISSING,MISSING,MISSING,MISSING,12
G11|L5|T001|S2,MISSING,MISSING,MISSING,MISSING,MISSING,MISSING,MISSING,MISSING,MISSING,MISSING,MISSING,MISSING,12
G11|L4|T041|S1,MISSING,MISSING,MISSING,MISSING,MISSING,MISSING,MISSING,MISSING,MISSING,MISSING,MISSING,MISSING,12
G11|L4|T041|S2,MISSING,MISSING,MISSING,MISSING,MISSING,MISSING,MISSING,MISSING,MISSING,MISSING,MISSING,MISSING,12
G11|L4|T041|S0,MISSING,MISSING,MISSING,MISSING,MISSING,MISSING,MISSING,MISSING,MISSING,MISSING,MISSING,MISSING,12
G11|L4|T043|S0,MISSING,MISSING,MISSING,MISSING,MISSING,MISSING,MISSING,MISSING,MISSING,MISSING,MISSING,MISSING,12
G11|L5|T031|S1,MISSING,MISSING,MISSING,MISSING,MISSING,MISSING,MISSING,MISSING,MISSING,MISSING,MISSING,MISSING,12
G11|L5|T031|S2,MISSING,MISSING,MISSING,MISSING,MISSING,MISSING,MISSING,MISSING,MISSING,MISSING,MISSING,MISSING,12
G11|L5|T031|S0,MISSING,MISSING,MISSING,MISSING,MISSING,MISSING,MISSING,MISSING,MISSING,MISSING,MISSING,MISSING,12
G11|L4|T043|S2,MISSING,MISSING,MISSING,MISSING,MISSING,MISSING,MISSING,MISSING,MISSING,MISSING,MISSING,MISSING,12
G11|L4|T043|S1,MISSING,MISSING,MISSING,MISSING,MISSING,MISSING,MISSING,MISSING,MISSING,MISSING,MISSING,MISSING,12
G10|L5|T039|S1,MISSING,MISSING,MISSING,MISSING,MISSING,MISSING,MISSING,MISSING,MISSING,MISSING,MISSING,MISSING,12
G10|L5|T039|S0,MISSING,MISSING,MISSING,MISSING,MISSING,MISSING,MISSING,MISSING,MISSING,MISSING,MISSING,MISSING,12
G10|L5|T039|S2,MISSING,MISSING,MISSING,MISSING,MISSING,MISSING,MISSING,MISSING,MISSING,MISSING,MISSING,MISSING,12
G11|L5|T034|S1,MISSING,MISSING,MISSING,MISSING,MISSING,MISSING,MISSING,MISSING,MISSING,MISSING,MISSING,MISSING,12
G11|L5|T034|S0,MISSING,MISSING,MISSING,MISSING,MISSING,MISSING,MISSING,MISSING,MISSING,MISSING,MISSING,MISSING,12
G5|L4|T002|S0,MISSING,MISSING,MISSING,MISSING,MISSING,MISSING,MISSING,MISSING,MISSING,MISSING,MISSING,MISSING,12
G5|L4|T022|S0,MISSING,MISSING,MISSING,MISSING,MISSING,MISSING,MISSING,MISSING,MISSING,MISSING,MISSING,MISSING,12
G5|L4|T002|S1,MISSING,MISSING,MISSING,MISSING,MISSING,MISSING,MISSING,MISSING,MISSING,MISSING,MISSING,MISSING,12
G5|L4|T002|S2,MISSING,MISSING,MISSING,MISSING,MISSING,MISSING,MISSING,MISSING,MISSING,MISSING,MISSING,MISSING,12
G11|L5|T034|S2,MISSING,MISSING,MISSING,MISSING,MISSING,MISSING,MISSING,MISSING,MISSING,MISSING,MISSING,MISSING,12
G5|L4|T022|S2,MISSING,MISSING,MISSING,MISSING,MISSING,MISSING,MISSING,MISSING,MISSING,MISSING,MISSING,MISSING,12
G5|L4|T022|S1,MISSING,MISSING,MISSING,MISSING,MISSING,MISSING,MISSING,MISSING,MISSING,MISSING,MISSING,MISSING,12
G11|L5|T021|S2,MISSING,MISSING,MISSING,MISSING,MISSING,MISSING,MISSING,MISSING,MISSING,MISSING,MISSING,MISSING,12
G11|L5|T021|S1,MISSING,MISSING,MISSING,MISSING,MISSING,MISSING,MISSING,MISSING,MISSING,MISSING,MISSING,MISSING,12
G11|L5|T021|S0,MISSING,MISSING,MISSING,MISSING,MISSING,MISSING,MISSING,MISSING,MISSING,MISSING,MISSING,MISSING,12
G5|L4|T005|S1,MISSING,MISSING,MISSING,MISSING,MISSING,MISSING,MISSING,MISSING,MISSING,MISSING,MISSING,MISSING,12
G11|L5|T040|S2,MISSING,MISSING,MISSING,MISSING,MISSING,MISSING,MISSING,MISSING,MISSING,MISSING,MISSING,MISSING,12
G5|L4|T005|S0,MISSING,MISSING,MISSING,MISSING,MISSING,MISSING,MISSING,MISSING,MISSING,MISSING,MISSING,MISSING,12
G11|L5|T040|S1,MISSING,MISSING,MISSING,MISSING,MISSING,MISSING,MISSING,MISSING,MISSING,MISSING,MISSING,MISSING,12
G11|L5|T040|S0,MISSING,MISSING,MISSING,MISSING,MISSING,MISSING,MISSING,MISSING,MISSING,MISSING,MISSING,MISSING,12
G5|L4|T005|S2,MISSING,MISSING,MISSING,MISSING,MISSING,MISSING,MISSING,MISSING,MISSING,MISSING,MISSING,MISSING,12
G5|L4|T004|S1,MISSING,MISSING,MISSING,MISSING,MISSING,MISSING,MISSING,MISSING,MISSING,MISSING,MISSING,MISSING,12
G5|L4|T004|S0,MISSING,MISSING,MISSING,MISSING,MISSING,MISSING,MISSING,MISSING,MISSING,MISSING,MISSING,MISSING,12
G5|L4|T004|S2,MISSING,MISSING,MISSING,MISSING,MISSING,MISSING,MISSING,MISSING,MISSING,MISSING,MISSING,MISSING,12
G11|L5|T041|S0,MISSING,MISSING,MISSING,MISSING,MISSING,MISSING,MISSING,MISSING,MISSING,MISSING,MISSING,MISSING,12
G5|L5|T002|S2,MISSING,MISSING,MISSING,MISSING,MISSING,MISSING,MISSING,MISSING,MISSING,MISSING,MISSING,MISSING,12
G5|L5|T002|S0,MISSING,MISSING,MISSING,MISSING,MISSING,MISSING,MISSING,MISSING,MISSING,MISSING,MISSING,MISSING,12
G5|L5|T002|S1,MISSING,MISSING,MISSING,MISSING,MISSING,MISSING,MISSING,MISSING,MISSING,MISSING,MISSING,MISSING,12
G11|L5|T041|S1,MISSING,MISSING,MISSING,MISSING,MISSING,MISSING,MISSING,MISSING,MISSING,MISSING,MISSING,MISSING,12
G11|L5|T041|S2,MISSING,MISSING,MISSING,MISSING,MISSING,MISSING,MISSING,MISSING,MISSING,MISSING,MISSING,MISSING,12
G5|L5|T022|S0,MISSING,MISSING,MISSING,MISSING,MISSING,MISSING,MISSING,MISSING,MISSING,MISSING,MISSING,MISSING,12
G5|L5|T022|S1,MISSING,MISSING,MISSING,MISSING,MISSING,MISSING,MISSING,MISSING,MISSING,MISSING,MISSING,MISSING,12
G5|L4|T024|S1,MISSING,MISSING,MISSING,MISSING,MISSING,MISSING,MISSING,MISSING,MISSING,MISSING,MISSING,MISSING,12
G5|L5|T022|S2,MISSING,MISSING,MISSING,MISSING,MISSING,MISSING,MISSING,MISSING,MISSING,MISSING,MISSING,MISSING,12
G5|L4|T024|S0,MISSING,MISSING,MISSING,MISSING,MISSING,MISSING,MISSING,MISSING,MISSING,MISSING,MISSING,MISSING,12
G6|L4|T006|S0,MISSING,MISSING,MISSING,MISSING,MISSING,MISSING,MISSING,MISSING,MISSING,MISSING,MISSING,MISSING,12
G5|L4|T024|S2,MISSING,MISSING,MISSING,MISSING,MISSING,MISSING,MISSING,MISSING,MISSING,MISSING,MISSING,MISSING,12
G5|L4|T008|S0,MISSING,MISSING,MISSING,MISSING,MISSING,MISSING,MISSING,MISSING,MISSING,MISSING,MISSING,MISSING,12
G5|L4|T008|S1,MISSING,MISSING,MISSING,MISSING,MISSING,MISSING,MISSING,MISSING,MISSING,MISSING,MISSING,MISSING,12
G5|L4|T008|S2,MISSING,MISSING,MISSING,MISSING,MISSING,MISSING,MISSING,MISSING,MISSING,MISSING,MISSING,MISSING,12
G5|L5|T005|S0,MISSING,MISSING,MISSING,MISSING,MISSING,MISSING,MISSING,MISSING,MISSING,MISSING,MISSING,MISSING,12
G6|L4|T006|S1,MISSING,MISSING,MISSING,MISSING,MISSING,MISSING,MISSING,MISSING,MISSING,MISSING,MISSING,MISSING,12
G6|L4|T006|S2,MISSING,MISSING,MISSING,MISSING,MISSING,MISSING,MISSING,MISSING,MISSING,MISSING,MISSING,MISSING,12
G5|L5|T005|S1,MISSING,MISSING,MISSING,MISSING,MISSING,MISSING,MISSING,MISSING,MISSING,MISSING,MISSING,MISSING,12
G5|L5|T005|S2,MISSING,MISSING,MISSING,MISSING,MISSING,MISSING,MISSING,MISSING,MISSING,MISSING,MISSING,MISSING,12
G5|L5|T008|S0,MISSING,MISSING,MISSING,MISSING,MISSING,MISSING,MISSING,MISSING,MISSING,MISSING,MISSING,MISSING,12
G5|L5|T008|S1,MISSING,MISSING,MISSING,MISSING,MISSING,MISSING,MISSING,MISSING,MISSING,MISSING,MISSING,MISSING,12
G5|L5|T008|S2,MISSING,MISSING,MISSING,MISSING,MISSING,MISSING,MISSING,MISSING,MISSING,MISSING,MISSING,MISSING,12
G5|L5|T004|S1,MISSING,MISSING,MISSING,MISSING,MISSING,MISSING,MISSING,MISSING,MISSING,MISSING,MISSING,MISSING,12
G5|L5|T004|S0,MISSING,MISSING,MISSING,MISSING,MISSING,MISSING,MISSING,MISSING,MISSING,MISSING,MISSING,MISSING,12
G6|L4|T016|S0,MISSING,MISSING,MISSING,MISSING,MISSING,MISSING,MISSING,MISSING,MISSING,MISSING,MISSING,MISSING,12
G5|L5|T024|S1,MISSING,MISSING,MISSING,MISSING,MISSING,MISSING,MISSING,MISSING,MISSING,MISSING,MISSING,MISSING,12
G5|L5|T024|S0,MISSING,MISSING,MISSING,MISSING,MISSING,MISSING,MISSING,MISSING,MISSING,MISSING,MISSING,MISSING,12
G5|L5|T004|S2,MISSING,MISSING,MISSING,MISSING,MISSING,MISSING,MISSING,MISSING,MISSING,MISSING,MISSING,MISSING,12
G5|L5|T024|S2,MISSING,MISSING,MISSING,MISSING,MISSING,MISSING,MISSING,MISSING,MISSING,MISSING,MISSING,MISSING,12
