cell_key,grade,level,theme_id,theme_name,subtopic_idx,subtopic,current_count,needed,current_levels
G5|L4|T002|S0,5,4,T002,РђСЂРёС„РјРµС‚РёРєР° Рё С‚РµРѕСЂРёСЏ С‡РёСЃРµР»,0,Р”РµР»РёРјРѕСЃС‚СЊ Рё РѕСЃС‚Р°С‚РєРё,5,0,4
G5|L4|T002|S1,5,4,T002,РђСЂРёС„РјРµС‚РёРєР° Рё С‚РµРѕСЂРёСЏ С‡РёСЃРµР»,1,"РќРћР”, РќРћРљ, Р°Р»РіРѕСЂРёС‚Рј Р•РІРєР»РёРґР°",5,0,4
G5|L4|T002|S2,5,4,T002,РђСЂРёС„РјРµС‚РёРєР° Рё С‚РµРѕСЂРёСЏ С‡РёСЃРµР»,2,РЎСЂР°РІРЅРµРЅРёСЏ РїРѕ РјРѕРґСѓР»СЋ (a в‰Ў b mod n),5,0,4
G5|L5|T002|S0,5,5,T002,РђСЂРёС„РјРµС‚РёРєР° Рё С‚РµРѕСЂРёСЏ С‡РёСЃРµР»,0,Р”РµР»РёРјРѕСЃС‚СЊ Рё РѕСЃС‚Р°С‚РєРё,5,0,5
G5|L4|T004|S0,5,4,T004,Р“СЂР°С„С‹: РѕСЃРЅРѕРІРЅС‹Рµ РїРѕРЅСЏС‚РёСЏ,0,"Р“СЂР°С„С‹: РѕРїСЂРµРґРµР»РµРЅРёСЏ, РёР·РѕРјРѕСЂС„РёР·Рј",5,0,4
G5|L4|T004|S1,5,4,T004,Р“СЂР°С„С‹: РѕСЃРЅРѕРІРЅС‹Рµ РїРѕРЅСЏС‚РёСЏ,1,"РњР°СЂС€СЂСѓС‚С‹, С†РµРїРё, С†РёРєР»С‹, Р­Р№Р»РµСЂРѕРІС‹ РіСЂР°С„С‹",5,0,4
G5|L4|T005|S2,5,4,T005,Р”РѕРїРѕР»РЅРёС‚РµР»СЊРЅС‹Рµ Р·Р°РґР°С‡Рё Рё СЃРјРµС€Р°РЅРЅС‹Рµ С‚РµРјС‹,2,РџСЂРёРєР»Р°РґРЅС‹Рµ Р·Р°РґР°С‡Рё,5,0,4
G5|L4|T008|S0,5,4,T008,Р›РѕРіРёРєР° Рё РјРЅРѕР¶РµСЃС‚РІР°,0,Р‘СѓР»РµРІС‹ С„СѓРЅРєС†РёРё Рё РёС… РјРёРЅРёРјРёР·Р°С†РёСЏ,5,0,4
G5|L4|T008|S2,5,4,T008,Р›РѕРіРёРєР° Рё РјРЅРѕР¶РµСЃС‚РІР°,2,РњРЅРѕР¶РµСЃС‚РІР° Рё РѕРїРµСЂР°С†РёРё РЅР°Рґ РЅРёРјРё,5,0,4
G5|L5|T008|S2,5,5,T008,Р›РѕРіРёРєР° Рё РјРЅРѕР¶РµСЃС‚РІР°,2,РњРЅРѕР¶РµСЃС‚РІР° Рё РѕРїРµСЂР°С†РёРё РЅР°Рґ РЅРёРјРё,5,0,5
G5|L4|T022|S0,5,4,T022,"РџСЂРѕС†РµРЅС‚С‹, РѕС‚РЅРѕС€РµРЅРёСЏ Рё РїСЂРѕРїРѕСЂС†РёРё",0,Р—Р°РґР°С‡Рё РЅР° РїСЂРѕС†РµРЅС‚С‹,5,0,4
G5|L4|T022|S1,5,4,T022,"РџСЂРѕС†РµРЅС‚С‹, РѕС‚РЅРѕС€РµРЅРёСЏ Рё РїСЂРѕРїРѕСЂС†РёРё",1,РџСЂРѕРїРѕСЂС†РёРё Рё РѕС‚РЅРѕС€РµРЅРёСЏ,5,0,4
G5|L4|T024|S0,5,4,T024,Р РµС€РµРЅРёРµ Р·Р°РґР°С‡: Р°РЅР°Р»РёР· Рё РёРЅС‚РµСЂРїСЂРµС‚Р°С†РёСЏ,0,РћС†РµРЅРєР° Рё РїСЂРёРєРёРґРєР°,5,0,4
G5|L4|T024|S1,5,4,T024,Р РµС€РµРЅРёРµ Р·Р°РґР°С‡: Р°РЅР°Р»РёР· Рё РёРЅС‚РµСЂРїСЂРµС‚Р°С†РёСЏ,1,РџСЂРѕРІРµСЂРєР° СЂРµС€РµРЅРёСЏ Рё РїРѕРёСЃРє РѕС€РёР±РѕРє,5,0,4
G5|L4|T024|S2,5,4,T024,Р РµС€РµРЅРёРµ Р·Р°РґР°С‡: Р°РЅР°Р»РёР· Рё РёРЅС‚РµСЂРїСЂРµС‚Р°С†РёСЏ,2,РЎРѕСЃС‚Р°РІР»РµРЅРёРµ РїР»Р°РЅР° СЂРµС€РµРЅРёСЏ,5,0,4
G6|L4|T006|S0,6,4,T006,РљРѕРјР±РёРЅР°С‚РѕСЂРёРєР° Рё РІРµСЂРѕСЏС‚РЅРѕСЃС‚СЊ,0,РџРµСЂРµСЃС‚Р°РЅРѕРІРєРё Рё С„Р°РєС‚РѕСЂРёР°Р»С‹,5,0,4
G6|L4|T006|S1,6,4,T006,РљРѕРјР±РёРЅР°С‚РѕСЂРёРєР° Рё РІРµСЂРѕСЏС‚РЅРѕСЃС‚СЊ,1,РџСЂР°РІРёР»Р° СЃР»РѕР¶РµРЅРёСЏ Рё СѓРјРЅРѕР¶РµРЅРёСЏ РІ РєРѕРјР±РёРЅР°С‚РѕСЂРёРєРµ,5,0,4
G6|L4|T006|S2,6,4,T006,РљРѕРјР±РёРЅР°С‚РѕСЂРёРєР° Рё РІРµСЂРѕСЏС‚РЅРѕСЃС‚СЊ,2,Р Р°Р·РјРµС‰РµРЅРёСЏ Рё СЃРѕС‡РµС‚Р°РЅРёСЏ,5,0,4
G6|L5|T006|S0,6,5,T006,РљРѕРјР±РёРЅР°С‚РѕСЂРёРєР° Рё РІРµСЂРѕСЏС‚РЅРѕСЃС‚СЊ,0,РџРµСЂРµСЃС‚Р°РЅРѕРІРєРё Рё С„Р°РєС‚РѕСЂРёР°Р»С‹,5,0,5
G6|L5|T006|S1,6,5,T006,РљРѕРјР±РёРЅР°С‚РѕСЂРёРєР° Рё РІРµСЂРѕСЏС‚РЅРѕСЃС‚СЊ,1,РџСЂР°РІРёР»Р° СЃР»РѕР¶РµРЅРёСЏ Рё СѓРјРЅРѕР¶РµРЅРёСЏ РІ РєРѕРјР±РёРЅР°С‚РѕСЂРёРєРµ,5,0,5
G6|L4|T007|S0,6,4,T007,РљРѕРјР±РёРЅР°С‚РѕСЂРёРєР° Рё С‚РµРѕСЂРёСЏ РёРіСЂ,0,Р’С‹РёРіСЂС‹С€РЅС‹Рµ Рё РїСЂРѕРёРіСЂС‹С€РЅС‹Рµ РїРѕР·РёС†РёРё,5,0,4
G6|L4|T007|S1,6,4,T007,РљРѕРјР±РёРЅР°С‚РѕСЂРёРєР° Рё С‚РµРѕСЂРёСЏ РёРіСЂ,1,РРіСЂС‹ СЃ СЃРёРјРјРµС‚СЂРёС‡РЅРѕР№ СЃС‚СЂР°С‚РµРіРёРµР№,5,0,4
G6|L4|T007|S2,6,4,T007,РљРѕРјР±РёРЅР°С‚РѕСЂРёРєР° Рё С‚РµРѕСЂРёСЏ РёРіСЂ,2,РЎС‚СЂР°С‚РµРіРёСЏ Рё Р°РЅР°Р»РёР· РёРіСЂ,5,0,4
G6|L4|T016|S0,6,4,T016,РџР»Р°РЅРёРјРµС‚СЂРёСЏ: РјРЅРѕРіРѕСѓРіРѕР»СЊРЅРёРєРё,0,"РњРЅРѕРіРѕСѓРіРѕР»СЊРЅРёРєРё: РІРёРґС‹, СЃРІРѕР№СЃС‚РІР°",5,0,4
G6|L4|T016|S1,6,4,T016,РџР»Р°РЅРёРјРµС‚СЂРёСЏ: РјРЅРѕРіРѕСѓРіРѕР»СЊРЅРёРєРё,1,РџР°СЂР°Р»Р»РµР»РѕРіСЂР°РјРјС‹ Рё С‚СЂР°РїРµС†РёРё,5,0,4
G6|L4|T016|S2,6,4,T016,РџР»Р°РЅРёРјРµС‚СЂРёСЏ: РјРЅРѕРіРѕСѓРіРѕР»СЊРЅРёРєРё,2,"РўСЂРµСѓРіРѕР»СЊРЅРёРєРё: РІРёРґС‹, СЃРІРѕР№СЃС‚РІР°",5,0,4
G6|L5|T016|S0,6,5,T016,РџР»Р°РЅРёРјРµС‚СЂРёСЏ: РјРЅРѕРіРѕСѓРіРѕР»СЊРЅРёРєРё,0,"РњРЅРѕРіРѕСѓРіРѕР»СЊРЅРёРєРё: РІРёРґС‹, СЃРІРѕР№СЃС‚РІР°",5,0,5
G6|L5|T016|S2,6,5,T016,РџР»Р°РЅРёРјРµС‚СЂРёСЏ: РјРЅРѕРіРѕСѓРіРѕР»СЊРЅРёРєРё,2,"РўСЂРµСѓРіРѕР»СЊРЅРёРєРё: РІРёРґС‹, СЃРІРѕР№СЃС‚РІР°",5,0,5
G6|L4|T018|S0,6,4,T018,РџР»Р°РЅРёРјРµС‚СЂРёСЏ: РїР»РѕС‰Р°РґСЊ,0,РџР»РѕС‰Р°РґРё РїРѕРґРѕР±РЅС‹С… С„РёРіСѓСЂ,5,0,4
G6|L4|T018|S1,6,4,T018,РџР»Р°РЅРёРјРµС‚СЂРёСЏ: РїР»РѕС‰Р°РґСЊ,1,РџР»РѕС‰Р°РґСЊ РєСЂСѓРіР° Рё РµРіРѕ С‡Р°СЃС‚РµР№,5,0,4
G6|L4|T018|S2,6,4,T018,РџР»Р°РЅРёРјРµС‚СЂРёСЏ: РїР»РѕС‰Р°РґСЊ,2,Р¤РѕСЂРјСѓР»С‹ РїР»РѕС‰Р°РґРё С‚СЂРµСѓРіРѕР»СЊРЅРёРєР° Рё С‡РµС‚С‹СЂС‘С…СѓРіРѕР»СЊРЅРёРєР°,5,0,4
G6|L4|T032|S0,6,4,T032,РўРµРєСЃС‚РѕРІС‹Рµ Р·Р°РґР°С‡Рё: РґРІРёР¶РµРЅРёРµ,0,Р”РІРёР¶РµРЅРёРµ РІ РїСЂРѕС‚РёРІРѕРїРѕР»РѕР¶РЅС‹С… РЅР°РїСЂР°РІР»РµРЅРёСЏС…,5,0,4
G6|L4|T032|S1,6,4,T032,РўРµРєСЃС‚РѕРІС‹Рµ Р·Р°РґР°С‡Рё: РґРІРёР¶РµРЅРёРµ,1,Р”РІРёР¶РµРЅРёРµ РїРѕ РІРѕРґРµ,5,0,4
G6|L4|T032|S2,6,4,T032,РўРµРєСЃС‚РѕРІС‹Рµ Р·Р°РґР°С‡Рё: РґРІРёР¶РµРЅРёРµ,2,Р”РІРёР¶РµРЅРёРµ РїРѕ РєСЂСѓРіСѓ,5,0,4
G6|L5|T032|S0,6,5,T032,РўРµРєСЃС‚РѕРІС‹Рµ Р·Р°РґР°С‡Рё: РґРІРёР¶РµРЅРёРµ,0,Р”РІРёР¶РµРЅРёРµ РІ РїСЂРѕС‚РёРІРѕРїРѕР»РѕР¶РЅС‹С… РЅР°РїСЂР°РІР»РµРЅРёСЏС…,5,0,5
G6|L5|T032|S2,6,5,T032,РўРµРєСЃС‚РѕРІС‹Рµ Р·Р°РґР°С‡Рё: РґРІРёР¶РµРЅРёРµ,2,Р”РІРёР¶РµРЅРёРµ РїРѕ РєСЂСѓРіСѓ,5,0,5
G6|L4|T033|S0,6,4,T033,РўРµРєСЃС‚РѕРІС‹Рµ Р·Р°РґР°С‡Рё: РїСЂРѕРёР·РІРѕРґРёС‚РµР»СЊРЅРѕСЃС‚СЊ Рё СЃРјРµСЃРё,0,"Р—Р°РґР°С‡Рё РЅР° РєРѕРЅС†РµРЅС‚СЂР°С†РёСЋ, СЃРїР»Р°РІС‹, СЃРјРµСЃРё",5,0,4
G6|L4|T033|S1,6,4,T033,РўРµРєСЃС‚РѕРІС‹Рµ Р·Р°РґР°С‡Рё: РїСЂРѕРёР·РІРѕРґРёС‚РµР»СЊРЅРѕСЃС‚СЊ Рё СЃРјРµСЃРё,1,Р—Р°РґР°С‡Рё РЅР° СЃРѕРІРјРµСЃС‚РЅСѓСЋ СЂР°Р±РѕС‚Сѓ,5,0,4
G6|L4|T033|S2,6,4,T033,РўРµРєСЃС‚РѕРІС‹Рµ Р·Р°РґР°С‡Рё: РїСЂРѕРёР·РІРѕРґРёС‚РµР»СЊРЅРѕСЃС‚СЊ Рё СЃРјРµСЃРё,2,Р—Р°РґР°С‡Рё РЅР° РїСЂРѕРёР·РІРѕРґРёС‚РµР»СЊРЅРѕСЃС‚СЊ С‚СЂСѓРґР°,5,0,4
G7|L4|T003|S0,7,4,T003,Р’РµСЂРѕСЏС‚РЅРѕСЃС‚СЊ Рё РєРѕРјР±РёРЅР°С‚РѕСЂРёРєР°,0,Р“РµРѕРјРµС‚СЂРёС‡РµСЃРєР°СЏ РІРµСЂРѕСЏС‚РЅРѕСЃС‚СЊ,5,0,4
G7|L4|T003|S1,7,4,T003,Р’РµСЂРѕСЏС‚РЅРѕСЃС‚СЊ Рё РєРѕРјР±РёРЅР°С‚РѕСЂРёРєР°,1,РљР»Р°СЃСЃРёС‡РµСЃРєР°СЏ РІРµСЂРѕСЏС‚РЅРѕСЃС‚СЊ,5,0,4
G7|L4|T003|S2,7,4,T003,Р’РµСЂРѕСЏС‚РЅРѕСЃС‚СЊ Рё РєРѕРјР±РёРЅР°С‚РѕСЂРёРєР°,2,РЈСЃР»РѕРІРЅР°СЏ РІРµСЂРѕСЏС‚РЅРѕСЃС‚СЊ Рё С„РѕСЂРјСѓР»Р° Р‘Р°Р№РµСЃР°,5,0,4
G7|L5|T003|S0,7,5,T003,Р’РµСЂРѕСЏС‚РЅРѕСЃС‚СЊ Рё РєРѕРјР±РёРЅР°С‚РѕСЂРёРєР°,0,Р“РµРѕРјРµС‚СЂРёС‡РµСЃРєР°СЏ РІРµСЂРѕСЏС‚РЅРѕСЃС‚СЊ,5,0,5
G7|L4|T019|S0,7,4,T019,РџР»Р°РЅРёРјРµС‚СЂРёСЏ: С‚СЂРµСѓРіРѕР»СЊРЅРёРєРё,0,РџРѕРґРѕР±РёРµ С‚СЂРµСѓРіРѕР»СЊРЅРёРєРѕРІ,5,0,4
G7|L4|T019|S1,7,4,T019,РџР»Р°РЅРёРјРµС‚СЂРёСЏ: С‚СЂРµСѓРіРѕР»СЊРЅРёРєРё,1,РџСЂРёР·РЅР°РєРё СЂР°РІРµРЅСЃС‚РІР° С‚СЂРµСѓРіРѕР»СЊРЅРёРєРѕРІ,5,0,4
G7|L4|T019|S2,7,4,T019,РџР»Р°РЅРёРјРµС‚СЂРёСЏ: С‚СЂРµСѓРіРѕР»СЊРЅРёРєРё,2,РўРµРѕСЂРµРјР° РџРёС„Р°РіРѕСЂР°,5,0,4
G7|L5|T019|S0,7,5,T019,РџР»Р°РЅРёРјРµС‚СЂРёСЏ: С‚СЂРµСѓРіРѕР»СЊРЅРёРєРё,0,РџРѕРґРѕР±РёРµ С‚СЂРµСѓРіРѕР»СЊРЅРёРєРѕРІ,5,0,5
G7|L5|T019|S1,7,5,T019,РџР»Р°РЅРёРјРµС‚СЂРёСЏ: С‚СЂРµСѓРіРѕР»СЊРЅРёРєРё,1,РџСЂРёР·РЅР°РєРё СЂР°РІРµРЅСЃС‚РІР° С‚СЂРµСѓРіРѕР»СЊРЅРёРєРѕРІ,5,0,5
G7|L5|T019|S2,7,5,T019,РџР»Р°РЅРёРјРµС‚СЂРёСЏ: С‚СЂРµСѓРіРѕР»СЊРЅРёРєРё,2,РўРµРѕСЂРµРјР° РџРёС„Р°РіРѕСЂР°,5,0,5
G7|L4|T023|S0,7,4,T023,Р Р°С†РёРѕРЅР°Р»СЊРЅС‹Рµ СѓСЂР°РІРЅРµРЅРёСЏ Рё РЅРµСЂР°РІРµРЅСЃС‚РІР°,0,Р”СЂРѕР±РЅРѕ-СЂР°С†РёРѕРЅР°Р»СЊРЅС‹Рµ СѓСЂР°РІРЅРµРЅРёСЏ,5,0,4
G7|L4|T023|S1,7,4,T023,Р Р°С†РёРѕРЅР°Р»СЊРЅС‹Рµ СѓСЂР°РІРЅРµРЅРёСЏ Рё РЅРµСЂР°РІРµРЅСЃС‚РІР°,1,РњРµС‚РѕРґ Р·Р°РјРµРЅС‹ РїРµСЂРµРјРµРЅРЅРѕР№ РІ СЂР°С†РёРѕРЅР°Р»СЊРЅС‹С… СѓСЂР°РІРЅРµРЅРёСЏС…,5,0,4
G7|L4|T023|S2,7,4,T023,Р Р°С†РёРѕРЅР°Р»СЊРЅС‹Рµ СѓСЂР°РІРЅРµРЅРёСЏ Рё РЅРµСЂР°РІРµРЅСЃС‚РІР°,2,Р Р°С†РёРѕРЅР°Р»СЊРЅС‹Рµ СѓСЂР°РІРЅРµРЅРёСЏ,5,0,4
G7|L5|T023|S0,7,5,T023,Р Р°С†РёРѕРЅР°Р»СЊРЅС‹Рµ СѓСЂР°РІРЅРµРЅРёСЏ Рё РЅРµСЂР°РІРµРЅСЃС‚РІР°,0,Р”СЂРѕР±РЅРѕ-СЂР°С†РёРѕРЅР°Р»СЊРЅС‹Рµ СѓСЂР°РІРЅРµРЅРёСЏ,5,0,5
G7|L5|T023|S2,7,5,T023,Р Р°С†РёРѕРЅР°Р»СЊРЅС‹Рµ СѓСЂР°РІРЅРµРЅРёСЏ Рё РЅРµСЂР°РІРµРЅСЃС‚РІР°,2,Р Р°С†РёРѕРЅР°Р»СЊРЅС‹Рµ СѓСЂР°РІРЅРµРЅРёСЏ,5,0,5
G7|L4|T025|S0,7,4,T025,Р РµС€РµРЅРёРµ СѓСЂР°РІРЅРµРЅРёР№: РјРµС‚РѕРґС‹ Р·Р°РјРµРЅС‹,0,Р—Р°РјРµРЅР° РїРµСЂРµРјРµРЅРЅРѕР№ (РїРѕРґСЃС‚Р°РЅРѕРІРєР°),5,0,4
G7|L4|T025|S1,7,4,T025,Р РµС€РµРЅРёРµ СѓСЂР°РІРЅРµРЅРёР№: РјРµС‚РѕРґС‹ Р·Р°РјРµРЅС‹,1,РСЃРїРѕР»СЊР·РѕРІР°РЅРёРµ СЃРёРјРјРµС‚СЂРёРё,5,0,4
G7|L4|T025|S2,7,4,T025,Р РµС€РµРЅРёРµ СѓСЂР°РІРЅРµРЅРёР№: РјРµС‚РѕРґС‹ Р·Р°РјРµРЅС‹,2,РЎРІРµРґРµРЅРёРµ Рє СЃРёСЃС‚РµРјРµ СѓСЂР°РІРЅРµРЅРёР№,5,0,4
G7|L5|T025|S0,7,5,T025,Р РµС€РµРЅРёРµ СѓСЂР°РІРЅРµРЅРёР№: РјРµС‚РѕРґС‹ Р·Р°РјРµРЅС‹,0,Р—Р°РјРµРЅР° РїРµСЂРµРјРµРЅРЅРѕР№ (РїРѕРґСЃС‚Р°РЅРѕРІРєР°),5,0,5
G7|L5|T025|S1,7,5,T025,Р РµС€РµРЅРёРµ СѓСЂР°РІРЅРµРЅРёР№: РјРµС‚РѕРґС‹ Р·Р°РјРµРЅС‹,1,РСЃРїРѕР»СЊР·РѕРІР°РЅРёРµ СЃРёРјРјРµС‚СЂРёРё,5,0,5
G7|L5|T025|S2,7,5,T025,Р РµС€РµРЅРёРµ СѓСЂР°РІРЅРµРЅРёР№: РјРµС‚РѕРґС‹ Р·Р°РјРµРЅС‹,2,РЎРІРµРґРµРЅРёРµ Рє СЃРёСЃС‚РµРјРµ СѓСЂР°РІРЅРµРЅРёР№,5,0,5
G7|L4|T026|S0,7,4,T026,Р РµС€РµРЅРёРµ СѓСЂР°РІРЅРµРЅРёР№: СЂР°Р·Р»РѕР¶РµРЅРёРµ РЅР° РјРЅРѕР¶РёС‚РµР»Рё,0,Р’С‹РЅРµСЃРµРЅРёРµ РѕР±С‰РµРіРѕ РјРЅРѕР¶РёС‚РµР»СЏ Рё РіСЂСѓРїРїРёСЂРѕРІРєР°,5,0,4
G7|L4|T026|S1,7,4,T026,Р РµС€РµРЅРёРµ СѓСЂР°РІРЅРµРЅРёР№: СЂР°Р·Р»РѕР¶РµРЅРёРµ РЅР° РјРЅРѕР¶РёС‚РµР»Рё,1,РСЃРїРѕР»СЊР·РѕРІР°РЅРёРµ С„РѕСЂРјСѓР» СЃРѕРєСЂР°С‰С‘РЅРЅРѕРіРѕ СѓРјРЅРѕР¶РµРЅРёСЏ,5,0,4
G7|L4|T026|S2,7,4,T026,Р РµС€РµРЅРёРµ СѓСЂР°РІРЅРµРЅРёР№: СЂР°Р·Р»РѕР¶РµРЅРёРµ РЅР° РјРЅРѕР¶РёС‚РµР»Рё,2,Р Р°Р·Р»РѕР¶РµРЅРёРµ РєРІР°РґСЂР°С‚РЅРѕРіРѕ С‚СЂС‘С…С‡Р»РµРЅР°,5,0,4
G7|L5|T026|S0,7,5,T026,Р РµС€РµРЅРёРµ СѓСЂР°РІРЅРµРЅРёР№: СЂР°Р·Р»РѕР¶РµРЅРёРµ РЅР° РјРЅРѕР¶РёС‚РµР»Рё,0,Р’С‹РЅРµСЃРµРЅРёРµ РѕР±С‰РµРіРѕ РјРЅРѕР¶РёС‚РµР»СЏ Рё РіСЂСѓРїРїРёСЂРѕРІРєР°,5,0,5
G7|L5|T026|S1,7,5,T026,Р РµС€РµРЅРёРµ СѓСЂР°РІРЅРµРЅРёР№: СЂР°Р·Р»РѕР¶РµРЅРёРµ РЅР° РјРЅРѕР¶РёС‚РµР»Рё,1,РСЃРїРѕР»СЊР·РѕРІР°РЅРёРµ С„РѕСЂРјСѓР» СЃРѕРєСЂР°С‰С‘РЅРЅРѕРіРѕ СѓРјРЅРѕР¶РµРЅРёСЏ,5,0,5
G7|L5|T026|S2,7,5,T026,Р РµС€РµРЅРёРµ СѓСЂР°РІРЅРµРЅРёР№: СЂР°Р·Р»РѕР¶РµРЅРёРµ РЅР° РјРЅРѕР¶РёС‚РµР»Рё,2,Р Р°Р·Р»РѕР¶РµРЅРёРµ РєРІР°РґСЂР°С‚РЅРѕРіРѕ С‚СЂС‘С…С‡Р»РµРЅР°,5,0,5
G7|L4|T027|S0,7,4,T027,РЎРёСЃС‚РµРјС‹ СѓСЂР°РІРЅРµРЅРёР№,0,Р“СЂР°С„РёС‡РµСЃРєРёР№ РјРµС‚РѕРґ СЂРµС€РµРЅРёСЏ СЃРёСЃС‚РµРј,5,0,4
G7|L4|T027|S1,7,4,T027,РЎРёСЃС‚РµРјС‹ СѓСЂР°РІРЅРµРЅРёР№,1,РњРµС‚РѕРґ РїРѕРґСЃС‚Р°РЅРѕРІРєРё,5,0,4
G7|L4|T027|S2,7,4,T027,РЎРёСЃС‚РµРјС‹ СѓСЂР°РІРЅРµРЅРёР№,2,РЎРёСЃС‚РµРјС‹ Р»РёРЅРµР№РЅС‹С… СѓСЂР°РІРЅРµРЅРёР№,5,0,4
G7|L5|T027|S0,7,5,T027,РЎРёСЃС‚РµРјС‹ СѓСЂР°РІРЅРµРЅРёР№,0,Р“СЂР°С„РёС‡РµСЃРєРёР№ РјРµС‚РѕРґ СЂРµС€РµРЅРёСЏ СЃРёСЃС‚РµРј,5,0,5
G7|L5|T027|S1,7,5,T027,РЎРёСЃС‚РµРјС‹ СѓСЂР°РІРЅРµРЅРёР№,1,РњРµС‚РѕРґ РїРѕРґСЃС‚Р°РЅРѕРІРєРё,5,0,5
G7|L5|T027|S2,7,5,T027,РЎРёСЃС‚РµРјС‹ СѓСЂР°РІРЅРµРЅРёР№,2,РЎРёСЃС‚РµРјС‹ Р»РёРЅРµР№РЅС‹С… СѓСЂР°РІРЅРµРЅРёР№,5,0,5
G8|L4|T009|S0,8,4,T009,РњРµС‚РѕРґ РєРѕРѕСЂРґРёРЅР°С‚: РґРµРєР°СЂС‚РѕРІС‹ РєРѕРѕСЂРґРёРЅР°С‚С‹,0,РљРѕРѕСЂРґРёРЅР°С‚С‹ РЅР° РїСЂСЏРјРѕР№ Рё РїР»РѕСЃРєРѕСЃС‚Рё,5,0,4
G8|L4|T009|S1,8,4,T009,РњРµС‚РѕРґ РєРѕРѕСЂРґРёРЅР°С‚: РґРµРєР°СЂС‚РѕРІС‹ РєРѕРѕСЂРґРёРЅР°С‚С‹,1,"Р Р°СЃСЃС‚РѕСЏРЅРёРµ РјРµР¶РґСѓ С‚РѕС‡РєР°РјРё, СЃРµСЂРµРґРёРЅР° РѕС‚СЂРµР·РєР°",5,0,4
G8|L4|T009|S2,8,4,T009,РњРµС‚РѕРґ РєРѕРѕСЂРґРёРЅР°С‚: РґРµРєР°СЂС‚РѕРІС‹ РєРѕРѕСЂРґРёРЅР°С‚С‹,2,РЈСЂР°РІРЅРµРЅРёСЏ РїСЂСЏРјС‹С… Рё РѕРєСЂСѓР¶РЅРѕСЃС‚РµР№,5,0,4
G8|L5|T009|S0,8,5,T009,РњРµС‚РѕРґ РєРѕРѕСЂРґРёРЅР°С‚: РґРµРєР°СЂС‚РѕРІС‹ РєРѕРѕСЂРґРёРЅР°С‚С‹,0,РљРѕРѕСЂРґРёРЅР°С‚С‹ РЅР° РїСЂСЏРјРѕР№ Рё РїР»РѕСЃРєРѕСЃС‚Рё,5,0,5
G8|L5|T009|S1,8,5,T009,РњРµС‚РѕРґ РєРѕРѕСЂРґРёРЅР°С‚: РґРµРєР°СЂС‚РѕРІС‹ РєРѕРѕСЂРґРёРЅР°С‚С‹,1,"Р Р°СЃСЃС‚РѕСЏРЅРёРµ РјРµР¶РґСѓ С‚РѕС‡РєР°РјРё, СЃРµСЂРµРґРёРЅР° РѕС‚СЂРµР·РєР°",5,0,5
G8|L5|T009|S2,8,5,T009,РњРµС‚РѕРґ РєРѕРѕСЂРґРёРЅР°С‚: РґРµРєР°СЂС‚РѕРІС‹ РєРѕРѕСЂРґРёРЅР°С‚С‹,2,РЈСЂР°РІРЅРµРЅРёСЏ РїСЂСЏРјС‹С… Рё РѕРєСЂСѓР¶РЅРѕСЃС‚РµР№,5,0,5
G8|L4|T011|S0,8,4,T011,РќРµСЂР°РІРµРЅСЃС‚РІР°: Р°Р»РіРµР±СЂР°РёС‡РµСЃРєРёРµ РЅРµСЂР°РІРµРЅСЃС‚РІР°,0,Р”РѕРєР°Р·Р°С‚РµР»СЊСЃС‚РІРѕ РЅРµСЂР°РІРµРЅСЃС‚РІ,5,0,4
G8|L4|T011|S1,8,4,T011,РќРµСЂР°РІРµРЅСЃС‚РІР°: Р°Р»РіРµР±СЂР°РёС‡РµСЃРєРёРµ РЅРµСЂР°РІРµРЅСЃС‚РІР°,1,РљРІР°РґСЂР°С‚РЅС‹Рµ РЅРµСЂР°РІРµРЅСЃС‚РІР°,5,0,4
G8|L4|T011|S2,8,4,T011,РќРµСЂР°РІРµРЅСЃС‚РІР°: Р°Р»РіРµР±СЂР°РёС‡РµСЃРєРёРµ РЅРµСЂР°РІРµРЅСЃС‚РІР°,2,РќРµСЂР°РІРµРЅСЃС‚РІР° СЃ РјРѕРґСѓР»РµРј,5,0,4
G8|L5|T011|S0,8,5,T011,РќРµСЂР°РІРµРЅСЃС‚РІР°: Р°Р»РіРµР±СЂР°РёС‡РµСЃРєРёРµ РЅРµСЂР°РІРµРЅСЃС‚РІР°,0,Р”РѕРєР°Р·Р°С‚РµР»СЊСЃС‚РІРѕ РЅРµСЂР°РІРµРЅСЃС‚РІ,5,0,5
G8|L5|T011|S1,8,5,T011,РќРµСЂР°РІРµРЅСЃС‚РІР°: Р°Р»РіРµР±СЂР°РёС‡РµСЃРєРёРµ РЅРµСЂР°РІРµРЅСЃС‚РІР°,1,РљРІР°РґСЂР°С‚РЅС‹Рµ РЅРµСЂР°РІРµРЅСЃС‚РІР°,5,0,5
G8|L5|T011|S2,8,5,T011,РќРµСЂР°РІРµРЅСЃС‚РІР°: Р°Р»РіРµР±СЂР°РёС‡РµСЃРєРёРµ РЅРµСЂР°РІРµРЅСЃС‚РІР°,2,РќРµСЂР°РІРµРЅСЃС‚РІР° СЃ РјРѕРґСѓР»РµРј,5,0,5
G8|L4|T012|S0,8,4,T012,РќРµСЂР°РІРµРЅСЃС‚РІР°: РјРµС‚РѕРґ РёРЅС‚РµСЂРІР°Р»РѕРІ Рё СЂР°С†РёРѕРЅР°Р»СЊРЅС‹Рµ,0,Р”СЂРѕР±РЅРѕ-СЂР°С†РёРѕРЅР°Р»СЊРЅС‹Рµ РЅРµСЂР°РІРµРЅСЃС‚РІР°,5,0,4
G8|L4|T012|S1,8,4,T012,РќРµСЂР°РІРµРЅСЃС‚РІР°: РјРµС‚РѕРґ РёРЅС‚РµСЂРІР°Р»РѕРІ Рё СЂР°С†РёРѕРЅР°Р»СЊРЅС‹Рµ,1,РСЂСЂР°С†РёРѕРЅР°Р»СЊРЅС‹Рµ РЅРµСЂР°РІРµРЅСЃС‚РІР°,5,0,4
G8|L4|T012|S2,8,4,T012,РќРµСЂР°РІРµРЅСЃС‚РІР°: РјРµС‚РѕРґ РёРЅС‚РµСЂРІР°Р»РѕРІ Рё СЂР°С†РёРѕРЅР°Р»СЊРЅС‹Рµ,2,РњРµС‚РѕРґ РёРЅС‚РµСЂРІР°Р»РѕРІ РґР»СЏ СЂР°С†РёРѕРЅР°Р»СЊРЅС‹С… РЅРµСЂР°РІРµРЅСЃС‚РІ,5,0,4
G8|L5|T012|S0,8,5,T012,РќРµСЂР°РІРµРЅСЃС‚РІР°: РјРµС‚РѕРґ РёРЅС‚РµСЂРІР°Р»РѕРІ Рё СЂР°С†РёРѕРЅР°Р»СЊРЅС‹Рµ,0,Р”СЂРѕР±РЅРѕ-СЂР°С†РёРѕРЅР°Р»СЊРЅС‹Рµ РЅРµСЂР°РІРµРЅСЃС‚РІР°,5,0,5
G8|L5|T012|S1,8,5,T012,РќРµСЂР°РІРµРЅСЃС‚РІР°: РјРµС‚РѕРґ РёРЅС‚РµСЂРІР°Р»РѕРІ Рё СЂР°С†РёРѕРЅР°Р»СЊРЅС‹Рµ,1,РСЂСЂР°С†РёРѕРЅР°Р»СЊРЅС‹Рµ РЅРµСЂР°РІРµРЅСЃС‚РІР°,5,0,5
G8|L5|T012|S2,8,5,T012,РќРµСЂР°РІРµРЅСЃС‚РІР°: РјРµС‚РѕРґ РёРЅС‚РµСЂРІР°Р»РѕРІ Рё СЂР°С†РёРѕРЅР°Р»СЊРЅС‹Рµ,2,РњРµС‚РѕРґ РёРЅС‚РµСЂРІР°Р»РѕРІ РґР»СЏ СЂР°С†РёРѕРЅР°Р»СЊРЅС‹С… РЅРµСЂР°РІРµРЅСЃС‚РІ,5,0,5
G8|L4|T017|S0,8,4,T017,РџР»Р°РЅРёРјРµС‚СЂРёСЏ: РѕРєСЂСѓР¶РЅРѕСЃС‚СЊ,0,Р’РїРёСЃР°РЅРЅС‹Рµ СѓРіР»С‹ Рё РёС… СЃРІРѕР№СЃС‚РІР°,5,0,4
G8|L4|T017|S1,8,4,T017,РџР»Р°РЅРёРјРµС‚СЂРёСЏ: РѕРєСЂСѓР¶РЅРѕСЃС‚СЊ,1,"Р”Р»РёРЅР° РѕРєСЂСѓР¶РЅРѕСЃС‚Рё, РїР»РѕС‰Р°РґСЊ РєСЂСѓРіР° Рё СЃРµРєС‚РѕСЂР°",5,0,4
G8|L4|T017|S2,8,4,T017,РџР»Р°РЅРёРјРµС‚СЂРёСЏ: РѕРєСЂСѓР¶РЅРѕСЃС‚СЊ,2,РљР°СЃР°С‚РµР»СЊРЅС‹Рµ Рё СЃРµРєСѓС‰РёРµ Рє РѕРєСЂСѓР¶РЅРѕСЃС‚Рё,5,0,4
G8|L5|T017|S0,8,5,T017,РџР»Р°РЅРёРјРµС‚СЂРёСЏ: РѕРєСЂСѓР¶РЅРѕСЃС‚СЊ,0,Р’РїРёСЃР°РЅРЅС‹Рµ СѓРіР»С‹ Рё РёС… СЃРІРѕР№СЃС‚РІР°,5,0,5
G8|L5|T017|S1,8,5,T017,РџР»Р°РЅРёРјРµС‚СЂРёСЏ: РѕРєСЂСѓР¶РЅРѕСЃС‚СЊ,1,"Р”Р»РёРЅР° РѕРєСЂСѓР¶РЅРѕСЃС‚Рё, РїР»РѕС‰Р°РґСЊ РєСЂСѓРіР° Рё СЃРµРєС‚РѕСЂР°",5,0,5
G8|L5|T017|S2,8,5,T017,РџР»Р°РЅРёРјРµС‚СЂРёСЏ: РѕРєСЂСѓР¶РЅРѕСЃС‚СЊ,2,РљР°СЃР°С‚РµР»СЊРЅС‹Рµ Рё СЃРµРєСѓС‰РёРµ Рє РѕРєСЂСѓР¶РЅРѕСЃС‚Рё,5,0,5
G8|L4|T037|S0,8,4,T037,РЈСЂР°РІРЅРµРЅРёСЏ СЃ РјРѕРґСѓР»РµРј,0,Р“СЂР°С„РёС‡РµСЃРєРѕРµ СЂРµС€РµРЅРёРµ СѓСЂР°РІРЅРµРЅРёР№ СЃ РјРѕРґСѓР»РµРј,5,0,4
G8|L4|T037|S1,8,4,T037,РЈСЂР°РІРЅРµРЅРёСЏ СЃ РјРѕРґСѓР»РµРј,1,РњРµС‚РѕРґ РёРЅС‚РµСЂРІР°Р»РѕРІ РґР»СЏ СѓСЂР°РІРЅРµРЅРёР№ СЃ РјРѕРґСѓР»РµРј,5,0,4
G8|L4|T037|S2,8,4,T037,РЈСЂР°РІРЅРµРЅРёСЏ СЃ РјРѕРґСѓР»РµРј,2,РЈСЂР°РІРЅРµРЅРёСЏ СЃ РјРѕРґСѓР»РµРј,5,0,4
G8|L5|T037|S0,8,5,T037,РЈСЂР°РІРЅРµРЅРёСЏ СЃ РјРѕРґСѓР»РµРј,0,Р“СЂР°С„РёС‡РµСЃРєРѕРµ СЂРµС€РµРЅРёРµ СѓСЂР°РІРЅРµРЅРёР№ СЃ РјРѕРґСѓР»РµРј,5,0,5
G8|L5|T037|S1,8,5,T037,РЈСЂР°РІРЅРµРЅРёСЏ СЃ РјРѕРґСѓР»РµРј,1,РњРµС‚РѕРґ РёРЅС‚РµСЂРІР°Р»РѕРІ РґР»СЏ СѓСЂР°РІРЅРµРЅРёР№ СЃ РјРѕРґСѓР»РµРј,5,0,5
G8|L5|T037|S2,8,5,T037,РЈСЂР°РІРЅРµРЅРёСЏ СЃ РјРѕРґСѓР»РµРј,2,РЈСЂР°РІРЅРµРЅРёСЏ СЃ РјРѕРґСѓР»РµРј,5,0,5
G8|L4|T042|S0,8,4,T042,Р¤СѓРЅРєС†РёРё Рё РіСЂР°С„РёРєРё,0,Р“СЂР°С„РёРєРё С„СѓРЅРєС†РёР№: РїСЂРµРѕР±СЂР°Р·РѕРІР°РЅРёСЏ Рё СЃРґРІРёРіРё,5,0,4
G8|L4|T042|S1,8,4,T042,Р¤СѓРЅРєС†РёРё Рё РіСЂР°С„РёРєРё,1,РћР±Р»Р°СЃС‚СЊ РѕРїСЂРµРґРµР»РµРЅРёСЏ Рё РѕР±Р»Р°СЃС‚СЊ Р·РЅР°С‡РµРЅРёР№,5,0,4
G8|L4|T042|S2,8,4,T042,Р¤СѓРЅРєС†РёРё Рё РіСЂР°С„РёРєРё,2,РџРѕСЃС‚СЂРѕРµРЅРёРµ РіСЂР°С„РёРєРѕРІ СЃР»РѕР¶РЅС‹С… С„СѓРЅРєС†РёР№,5,0,4
G8|L5|T042|S0,8,5,T042,Р¤СѓРЅРєС†РёРё Рё РіСЂР°С„РёРєРё,0,Р“СЂР°С„РёРєРё С„СѓРЅРєС†РёР№: РїСЂРµРѕР±СЂР°Р·РѕРІР°РЅРёСЏ Рё СЃРґРІРёРіРё,5,0,5
G8|L5|T042|S1,8,5,T042,Р¤СѓРЅРєС†РёРё Рё РіСЂР°С„РёРєРё,1,РћР±Р»Р°СЃС‚СЊ РѕРїСЂРµРґРµР»РµРЅРёСЏ Рё РѕР±Р»Р°СЃС‚СЊ Р·РЅР°С‡РµРЅРёР№,5,0,5
G8|L5|T042|S2,8,5,T042,Р¤СѓРЅРєС†РёРё Рё РіСЂР°С„РёРєРё,2,РџРѕСЃС‚СЂРѕРµРЅРёРµ РіСЂР°С„РёРєРѕРІ СЃР»РѕР¶РЅС‹С… С„СѓРЅРєС†РёР№,5,0,5
G9|L4|T010|S0,9,4,T010,РњРµС‚РѕРґ РєРѕРѕСЂРґРёРЅР°С‚: РІРµРєС‚РѕСЂС‹,0,"Р’РµРєС‚РѕСЂС‹: СЃР»РѕР¶РµРЅРёРµ, СѓРјРЅРѕР¶РµРЅРёРµ РЅР° С‡РёСЃР»Рѕ",5,0,4
G9|L4|T010|S1,9,4,T010,РњРµС‚РѕРґ РєРѕРѕСЂРґРёРЅР°С‚: РІРµРєС‚РѕСЂС‹,1,"РљРѕРѕСЂРґРёРЅР°С‚С‹ РІРµРєС‚РѕСЂР°, СЃРІСЏР·СЊ СЃ С‚РѕС‡РєР°РјРё",5,0,4
G9|L4|T010|S2,9,4,T010,РњРµС‚РѕРґ РєРѕРѕСЂРґРёРЅР°С‚: РІРµРєС‚РѕСЂС‹,2,РЎРєР°Р»СЏСЂРЅРѕРµ РїСЂРѕРёР·РІРµРґРµРЅРёРµ РІРµРєС‚РѕСЂРѕРІ,5,0,4
G9|L5|T010|S0,9,5,T010,РњРµС‚РѕРґ РєРѕРѕСЂРґРёРЅР°С‚: РІРµРєС‚РѕСЂС‹,0,"Р’РµРєС‚РѕСЂС‹: СЃР»РѕР¶РµРЅРёРµ, СѓРјРЅРѕР¶РµРЅРёРµ РЅР° С‡РёСЃР»Рѕ",5,0,5
G9|L5|T010|S1,9,5,T010,РњРµС‚РѕРґ РєРѕРѕСЂРґРёРЅР°С‚: РІРµРєС‚РѕСЂС‹,1,"РљРѕРѕСЂРґРёРЅР°С‚С‹ РІРµРєС‚РѕСЂР°, СЃРІСЏР·СЊ СЃ С‚РѕС‡РєР°РјРё",5,0,5
G9|L5|T010|S2,9,5,T010,РњРµС‚РѕРґ РєРѕРѕСЂРґРёРЅР°С‚: РІРµРєС‚РѕСЂС‹,2,РЎРєР°Р»СЏСЂРЅРѕРµ РїСЂРѕРёР·РІРµРґРµРЅРёРµ РІРµРєС‚РѕСЂРѕРІ,5,0,5
G9|L4|T015|S0,9,4,T015,РќРµСЂР°РІРµРЅСЃС‚РІР°: С‡РёСЃР»РѕРІС‹Рµ РЅР°Р±РѕСЂС‹,0,РќРµСЂР°РІРµРЅСЃС‚РІР° Рѕ СЃСЂРµРґРЅРµРј Р°СЂРёС„РјРµС‚РёС‡РµСЃРєРѕРј Рё СЃСЂРµРґРЅРµРј РіРµРѕРјРµС‚СЂРёС‡РµСЃРєРѕРј,5,0,4
G9|L4|T015|S1,9,4,T015,РќРµСЂР°РІРµРЅСЃС‚РІР°: С‡РёСЃР»РѕРІС‹Рµ РЅР°Р±РѕСЂС‹,1,РќРµСЂР°РІРµРЅСЃС‚РІР° Р§РµР±С‹С€РµРІР° Рё РњР°СЂРєРѕРІР°,5,0,4
G9|L4|T015|S2,9,4,T015,РќРµСЂР°РІРµРЅСЃС‚РІР°: С‡РёСЃР»РѕРІС‹Рµ РЅР°Р±РѕСЂС‹,2,"Р¦РµРїРѕС‡РєРё РЅРµСЂР°РІРµРЅСЃС‚РІ, РІР·РІРµС€РµРЅРЅС‹Рµ СЃСЂРµРґРЅРёРµ",5,0,4
G9|L5|T015|S0,9,5,T015,РќРµСЂР°РІРµРЅСЃС‚РІР°: С‡РёСЃР»РѕРІС‹Рµ РЅР°Р±РѕСЂС‹,0,РќРµСЂР°РІРµРЅСЃС‚РІР° Рѕ СЃСЂРµРґРЅРµРј Р°СЂРёС„РјРµС‚РёС‡РµСЃРєРѕРј Рё СЃСЂРµРґРЅРµРј РіРµРѕРјРµС‚СЂРёС‡РµСЃРєРѕРј,5,0,5
G9|L5|T015|S1,9,5,T015,РќРµСЂР°РІРµРЅСЃС‚РІР°: С‡РёСЃР»РѕРІС‹Рµ РЅР°Р±РѕСЂС‹,1,РќРµСЂР°РІРµРЅСЃС‚РІР° Р§РµР±С‹С€РµРІР° Рё РњР°СЂРєРѕРІР°,5,0,5
G9|L5|T015|S2,9,5,T015,РќРµСЂР°РІРµРЅСЃС‚РІР°: С‡РёСЃР»РѕРІС‹Рµ РЅР°Р±РѕСЂС‹,2,"Р¦РµРїРѕС‡РєРё РЅРµСЂР°РІРµРЅСЃС‚РІ, РІР·РІРµС€РµРЅРЅС‹Рµ СЃСЂРµРґРЅРёРµ",5,0,5
G9|L4|T020|S0,9,4,T020,РџРѕСЃР»РµРґРѕРІР°С‚РµР»СЊРЅРѕСЃС‚Рё Рё РїСЂРѕРіСЂРµСЃСЃРёРё,0,РђСЂРёС„РјРµС‚РёС‡РµСЃРєР°СЏ РїСЂРѕРіСЂРµСЃСЃРёСЏ,5,0,4
G9|L4|T020|S1,9,4,T020,РџРѕСЃР»РµРґРѕРІР°С‚РµР»СЊРЅРѕСЃС‚Рё Рё РїСЂРѕРіСЂРµСЃСЃРёРё,1,Р“РµРѕРјРµС‚СЂРёС‡РµСЃРєР°СЏ РїСЂРѕРіСЂРµСЃСЃРёСЏ,5,0,4
G9|L4|T020|S2,9,4,T020,РџРѕСЃР»РµРґРѕРІР°С‚РµР»СЊРЅРѕСЃС‚Рё Рё РїСЂРѕРіСЂРµСЃСЃРёРё,2,РЎСѓРјРјС‹ РїРѕСЃР»РµРґРѕРІР°С‚РµР»СЊРЅРѕСЃС‚РµР№,5,0,4
G9|L5|T020|S0,9,5,T020,РџРѕСЃР»РµРґРѕРІР°С‚РµР»СЊРЅРѕСЃС‚Рё Рё РїСЂРѕРіСЂРµСЃСЃРёРё,0,РђСЂРёС„РјРµС‚РёС‡РµСЃРєР°СЏ РїСЂРѕРіСЂРµСЃСЃРёСЏ,5,0,5
G9|L5|T020|S1,9,5,T020,РџРѕСЃР»РµРґРѕРІР°С‚РµР»СЊРЅРѕСЃС‚Рё Рё РїСЂРѕРіСЂРµСЃСЃРёРё,1,Р“РµРѕРјРµС‚СЂРёС‡РµСЃРєР°СЏ РїСЂРѕРіСЂРµСЃСЃРёСЏ,5,0,5
G9|L5|T020|S2,9,5,T020,РџРѕСЃР»РµРґРѕРІР°С‚РµР»СЊРЅРѕСЃС‚Рё Рё РїСЂРѕРіСЂРµСЃСЃРёРё,2,РЎСѓРјРјС‹ РїРѕСЃР»РµРґРѕРІР°С‚РµР»СЊРЅРѕСЃС‚РµР№,5,0,5
G9|L4|T035|S0,9,4,T035,РўСЂРёРіРѕРЅРѕРјРµС‚СЂРёС‡РµСЃРєРёРµ СѓСЂР°РІРЅРµРЅРёСЏ,0,РћРґРЅРѕСЂРѕРґРЅС‹Рµ С‚СЂРёРіРѕРЅРѕРјРµС‚СЂРёС‡РµСЃРєРёРµ СѓСЂР°РІРЅРµРЅРёСЏ,5,0,4
G9|L4|T035|S1,9,4,T035,РўСЂРёРіРѕРЅРѕРјРµС‚СЂРёС‡РµСЃРєРёРµ СѓСЂР°РІРЅРµРЅРёСЏ,1,РћС‚Р±РѕСЂ РєРѕСЂРЅРµР№ РІ С‚СЂРёРіРѕРЅРѕРјРµС‚СЂРёС‡РµСЃРєРёС… СѓСЂР°РІРЅРµРЅРёСЏС…,5,0,4
G9|L4|T035|S2,9,4,T035,РўСЂРёРіРѕРЅРѕРјРµС‚СЂРёС‡РµСЃРєРёРµ СѓСЂР°РІРЅРµРЅРёСЏ,2,РџСЂРѕСЃС‚РµР№С€РёРµ С‚СЂРёРіРѕРЅРѕРјРµС‚СЂРёС‡РµСЃРєРёРµ СѓСЂР°РІРЅРµРЅРёСЏ,5,0,4
G9|L5|T035|S0,9,5,T035,РўСЂРёРіРѕРЅРѕРјРµС‚СЂРёС‡РµСЃРєРёРµ СѓСЂР°РІРЅРµРЅРёСЏ,0,РћРґРЅРѕСЂРѕРґРЅС‹Рµ С‚СЂРёРіРѕРЅРѕРјРµС‚СЂРёС‡РµСЃРєРёРµ СѓСЂР°РІРЅРµРЅРёСЏ,5,0,5
G9|L5|T035|S1,9,5,T035,РўСЂРёРіРѕРЅРѕРјРµС‚СЂРёС‡РµСЃРєРёРµ СѓСЂР°РІРЅРµРЅРёСЏ,1,РћС‚Р±РѕСЂ РєРѕСЂРЅРµР№ РІ С‚СЂРёРіРѕРЅРѕРјРµС‚СЂРёС‡РµСЃРєРёС… СѓСЂР°РІРЅРµРЅРёСЏС…,5,0,5
G9|L5|T035|S2,9,5,T035,РўСЂРёРіРѕРЅРѕРјРµС‚СЂРёС‡РµСЃРєРёРµ СѓСЂР°РІРЅРµРЅРёСЏ,2,РџСЂРѕСЃС‚РµР№С€РёРµ С‚СЂРёРіРѕРЅРѕРјРµС‚СЂРёС‡РµСЃРєРёРµ СѓСЂР°РІРЅРµРЅРёСЏ,5,0,5
G9|L4|T036|S0,9,4,T036,РўСЂРёРіРѕРЅРѕРјРµС‚СЂРёСЏ: РїСЂРµРѕР±СЂР°Р·РѕРІР°РЅРёСЏ,0,РћСЃРЅРѕРІРЅРѕРµ С‚СЂРёРіРѕРЅРѕРјРµС‚СЂРёС‡РµСЃРєРѕРµ С‚РѕР¶РґРµСЃС‚РІРѕ,5,0,4
G9|L4|T036|S1,9,4,T036,РўСЂРёРіРѕРЅРѕРјРµС‚СЂРёСЏ: РїСЂРµРѕР±СЂР°Р·РѕРІР°РЅРёСЏ,1,Р¤РѕСЂРјСѓР»С‹ РїСЂРёРІРµРґРµРЅРёСЏ,5,0,4
G9|L4|T036|S2,9,4,T036,РўСЂРёРіРѕРЅРѕРјРµС‚СЂРёСЏ: РїСЂРµРѕР±СЂР°Р·РѕРІР°РЅРёСЏ,2,Р¤РѕСЂРјСѓР»С‹ СЃР»РѕР¶РµРЅРёСЏ Рё РґРІРѕР№РЅРѕРіРѕ СѓРіР»Р°,5,0,4
G9|L5|T036|S0,9,5,T036,РўСЂРёРіРѕРЅРѕРјРµС‚СЂРёСЏ: РїСЂРµРѕР±СЂР°Р·РѕРІР°РЅРёСЏ,0,РћСЃРЅРѕРІРЅРѕРµ С‚СЂРёРіРѕРЅРѕРјРµС‚СЂРёС‡РµСЃРєРѕРµ С‚РѕР¶РґРµСЃС‚РІРѕ,5,0,5
G9|L5|T036|S1,9,5,T036,РўСЂРёРіРѕРЅРѕРјРµС‚СЂРёСЏ: РїСЂРµРѕР±СЂР°Р·РѕРІР°РЅРёСЏ,1,Р¤РѕСЂРјСѓР»С‹ РїСЂРёРІРµРґРµРЅРёСЏ,5,0,5
G9|L5|T036|S2,9,5,T036,РўСЂРёРіРѕРЅРѕРјРµС‚СЂРёСЏ: РїСЂРµРѕР±СЂР°Р·РѕРІР°РЅРёСЏ,2,Р¤РѕСЂРјСѓР»С‹ СЃР»РѕР¶РµРЅРёСЏ Рё РґРІРѕР№РЅРѕРіРѕ СѓРіР»Р°,5,0,5
G9|L4|T038|S0,9,4,T038,РЈСЂР°РІРЅРµРЅРёСЏ: РёСЂСЂР°С†РёРѕРЅР°Р»СЊРЅС‹Рµ,0,РСЂСЂР°С†РёРѕРЅР°Р»СЊРЅС‹Рµ СѓСЂР°РІРЅРµРЅРёСЏ СЃ РѕРґРЅРёРј РєРѕСЂРЅРµРј,5,0,4
G9|L4|T038|S1,9,4,T038,РЈСЂР°РІРЅРµРЅРёСЏ: РёСЂСЂР°С†РёРѕРЅР°Р»СЊРЅС‹Рµ,1,РСЂСЂР°С†РёРѕРЅР°Р»СЊРЅС‹Рµ СѓСЂР°РІРЅРµРЅРёСЏ СЃ РЅРµСЃРєРѕР»СЊРєРёРјРё РєРѕСЂРЅСЏРјРё,5,0,4
G9|L4|T038|S2,9,4,T038,РЈСЂР°РІРЅРµРЅРёСЏ: РёСЂСЂР°С†РёРѕРЅР°Р»СЊРЅС‹Рµ,2,РњРµС‚РѕРґ Р·Р°РјРµРЅС‹ РІ РёСЂСЂР°С†РёРѕРЅР°Р»СЊРЅС‹С… СѓСЂР°РІРЅРµРЅРёСЏС…,5,0,4
G9|L5|T038|S0,9,5,T038,РЈСЂР°РІРЅРµРЅРёСЏ: РёСЂСЂР°С†РёРѕРЅР°Р»СЊРЅС‹Рµ,0,РСЂСЂР°С†РёРѕРЅР°Р»СЊРЅС‹Рµ СѓСЂР°РІРЅРµРЅРёСЏ СЃ РѕРґРЅРёРј РєРѕСЂРЅРµРј,5,0,5
G9|L5|T038|S1,9,5,T038,РЈСЂР°РІРЅРµРЅРёСЏ: РёСЂСЂР°С†РёРѕРЅР°Р»СЊРЅС‹Рµ,1,РСЂСЂР°С†РёРѕРЅР°Р»СЊРЅС‹Рµ СѓСЂР°РІРЅРµРЅРёСЏ СЃ РЅРµСЃРєРѕР»СЊРєРёРјРё РєРѕСЂРЅСЏРјРё,5,0,5
G9|L5|T038|S2,9,5,T038,РЈСЂР°РІРЅРµРЅРёСЏ: РёСЂСЂР°С†РёРѕРЅР°Р»СЊРЅС‹Рµ,2,РњРµС‚РѕРґ Р·Р°РјРµРЅС‹ РІ РёСЂСЂР°С†РёРѕРЅР°Р»СЊРЅС‹С… СѓСЂР°РІРЅРµРЅРёСЏС…,5,0,5
G10|L4|T013|S0,10,4,T013,РќРµСЂР°РІРµРЅСЃС‚РІР°: РїРѕРєР°Р·Р°С‚РµР»СЊРЅС‹Рµ Рё Р»РѕРіР°СЂРёС„РјРёС‡РµСЃРєРёРµ,0,Р›РѕРіР°СЂРёС„РјРёС‡РµСЃРєРёРµ РЅРµСЂР°РІРµРЅСЃС‚РІР°,5,0,4
G10|L4|T013|S1,10,4,T013,РќРµСЂР°РІРµРЅСЃС‚РІР°: РїРѕРєР°Р·Р°С‚РµР»СЊРЅС‹Рµ Рё Р»РѕРіР°СЂРёС„РјРёС‡РµСЃРєРёРµ,1,РџРѕРєР°Р·Р°С‚РµР»СЊРЅС‹Рµ РЅРµСЂР°РІРµРЅСЃС‚РІР°,5,0,4
G10|L4|T013|S2,10,4,T013,РќРµСЂР°РІРµРЅСЃС‚РІР°: РїРѕРєР°Р·Р°С‚РµР»СЊРЅС‹Рµ Рё Р»РѕРіР°СЂРёС„РјРёС‡РµСЃРєРёРµ,2,РЎРёСЃС‚РµРјС‹ РїРѕРєР°Р·Р°С‚РµР»СЊРЅС‹С… Рё Р»РѕРіР°СЂРёС„РјРёС‡РµСЃРєРёС… РЅРµСЂР°РІРµРЅСЃС‚РІ,5,0,4
G10|L5|T013|S0,10,5,T013,РќРµСЂР°РІРµРЅСЃС‚РІР°: РїРѕРєР°Р·Р°С‚РµР»СЊРЅС‹Рµ Рё Р»РѕРіР°СЂРёС„РјРёС‡РµСЃРєРёРµ,0,Р›РѕРіР°СЂРёС„РјРёС‡РµСЃРєРёРµ РЅРµСЂР°РІРµРЅСЃС‚РІР°,5,0,5
G10|L5|T013|S1,10,5,T013,РќРµСЂР°РІРµРЅСЃС‚РІР°: РїРѕРєР°Р·Р°С‚РµР»СЊРЅС‹Рµ Рё Р»РѕРіР°СЂРёС„РјРёС‡РµСЃРєРёРµ,1,РџРѕРєР°Р·Р°С‚РµР»СЊРЅС‹Рµ РЅРµСЂР°РІРµРЅСЃС‚РІР°,5,0,5
G10|L5|T013|S2,10,5,T013,РќРµСЂР°РІРµРЅСЃС‚РІР°: РїРѕРєР°Р·Р°С‚РµР»СЊРЅС‹Рµ Рё Р»РѕРіР°СЂРёС„РјРёС‡РµСЃРєРёРµ,2,РЎРёСЃС‚РµРјС‹ РїРѕРєР°Р·Р°С‚РµР»СЊРЅС‹С… Рё Р»РѕРіР°СЂРёС„РјРёС‡РµСЃРєРёС… РЅРµСЂР°РІРµРЅСЃС‚РІ,5,0,5
G10|L4|T014|S0,10,4,T014,РќРµСЂР°РІРµРЅСЃС‚РІР°: С‚СЂРёРіРѕРЅРѕРјРµС‚СЂРёС‡РµСЃРєРёРµ,0,РќРµСЂР°РІРµРЅСЃС‚РІР° СЃ РѕР±СЂ. С‚СЂРёРіРѕРЅРѕРјРµС‚СЂРёС‡РµСЃРєРёРјРё С„СѓРЅРєС†РёСЏРјРё,5,0,4
G10|L4|T014|S1,10,4,T014,РќРµСЂР°РІРµРЅСЃС‚РІР°: С‚СЂРёРіРѕРЅРѕРјРµС‚СЂРёС‡РµСЃРєРёРµ,1,"РџСЂРѕСЃС‚РµР№С€РёРµ С‚СЂРёРіРѕРЅРѕРјРµС‚СЂРёС‡РµСЃРєРёРµ РЅРµСЂР°РІРµРЅСЃС‚РІР° СЃ sin, cos",5,0,4
G10|L4|T014|S2,10,4,T014,РќРµСЂР°РІРµРЅСЃС‚РІР°: С‚СЂРёРіРѕРЅРѕРјРµС‚СЂРёС‡РµСЃРєРёРµ,2,"РџСЂРѕСЃС‚РµР№С€РёРµ С‚СЂРёРіРѕРЅРѕРјРµС‚СЂРёС‡РµСЃРєРёРµ РЅРµСЂР°РІРµРЅСЃС‚РІР° СЃ tg, ctg",5,0,4
G10|L5|T014|S0,10,5,T014,РќРµСЂР°РІРµРЅСЃС‚РІР°: С‚СЂРёРіРѕРЅРѕРјРµС‚СЂРёС‡РµСЃРєРёРµ,0,РќРµСЂР°РІРµРЅСЃС‚РІР° СЃ РѕР±СЂ. С‚СЂРёРіРѕРЅРѕРјРµС‚СЂРёС‡РµСЃРєРёРјРё С„СѓРЅРєС†РёСЏРјРё,5,0,5
G10|L5|T014|S1,10,5,T014,РќРµСЂР°РІРµРЅСЃС‚РІР°: С‚СЂРёРіРѕРЅРѕРјРµС‚СЂРёС‡РµСЃРєРёРµ,1,"РџСЂРѕСЃС‚РµР№С€РёРµ С‚СЂРёРіРѕРЅРѕРјРµС‚СЂРёС‡РµСЃРєРёРµ РЅРµСЂР°РІРµРЅСЃС‚РІР° СЃ sin, cos",5,0,5
G10|L5|T014|S2,10,5,T014,РќРµСЂР°РІРµРЅСЃС‚РІР°: С‚СЂРёРіРѕРЅРѕРјРµС‚СЂРёС‡РµСЃРєРёРµ,2,"РџСЂРѕСЃС‚РµР№С€РёРµ С‚СЂРёРіРѕРЅРѕРјРµС‚СЂРёС‡РµСЃРєРёРµ РЅРµСЂР°РІРµРЅСЃС‚РІР° СЃ tg, ctg",5,0,5
G10|L4|T028|S0,10,4,T028,РЎС‚РµСЂРµРѕРјРµС‚СЂРёСЏ: Р°РєСЃРёРѕРјС‹ Рё РїСЂСЏРјС‹Рµ,0,РђРєСЃРёРѕРјС‹ СЃС‚РµСЂРµРѕРјРµС‚СЂРёРё,5,0,4
G10|L4|T028|S1,10,4,T028,РЎС‚РµСЂРµРѕРјРµС‚СЂРёСЏ: Р°РєСЃРёРѕРјС‹ Рё РїСЂСЏРјС‹Рµ,1,Р’Р·Р°РёРјРЅРѕРµ СЂР°СЃРїРѕР»РѕР¶РµРЅРёРµ РїСЂСЏРјС‹С… РІ РїСЂРѕСЃС‚СЂР°РЅСЃС‚РІРµ,5,0,4
G10|L4|T028|S2,10,4,T028,РЎС‚РµСЂРµРѕРјРµС‚СЂРёСЏ: Р°РєСЃРёРѕРјС‹ Рё РїСЂСЏРјС‹Рµ,2,РЎРєСЂРµС‰РёРІР°СЋС‰РёРµСЃСЏ РїСЂСЏРјС‹Рµ,5,0,4
G10|L5|T028|S0,10,5,T028,РЎС‚РµСЂРµРѕРјРµС‚СЂРёСЏ: Р°РєСЃРёРѕРјС‹ Рё РїСЂСЏРјС‹Рµ,0,РђРєСЃРёРѕРјС‹ СЃС‚РµСЂРµРѕРјРµС‚СЂРёРё,5,0,5
G10|L5|T028|S1,10,5,T028,РЎС‚РµСЂРµРѕРјРµС‚СЂРёСЏ: Р°РєСЃРёРѕРјС‹ Рё РїСЂСЏРјС‹Рµ,1,Р’Р·Р°РёРјРЅРѕРµ СЂР°СЃРїРѕР»РѕР¶РµРЅРёРµ РїСЂСЏРјС‹С… РІ РїСЂРѕСЃС‚СЂР°РЅСЃС‚РІРµ,5,0,5
G10|L5|T028|S2,10,5,T028,РЎС‚РµСЂРµРѕРјРµС‚СЂРёСЏ: Р°РєСЃРёРѕРјС‹ Рё РїСЂСЏРјС‹Рµ,2,РЎРєСЂРµС‰РёРІР°СЋС‰РёРµСЃСЏ РїСЂСЏРјС‹Рµ,5,0,5
G10|L4|T029|S0,10,4,T029,РЎС‚РµСЂРµРѕРјРµС‚СЂРёСЏ: РјРЅРѕРіРѕРіСЂР°РЅРЅРёРєРё,0,"РџР°СЂР°Р»Р»РµР»РµРїРёРїРµРґС‹, РїСЂРёР·РјС‹",5,0,4
G10|L4|T029|S1,10,4,T029,РЎС‚РµСЂРµРѕРјРµС‚СЂРёСЏ: РјРЅРѕРіРѕРіСЂР°РЅРЅРёРєРё,1,РџРёСЂР°РјРёРґС‹,5,0,4
G10|L4|T029|S2,10,4,T029,РЎС‚РµСЂРµРѕРјРµС‚СЂРёСЏ: РјРЅРѕРіРѕРіСЂР°РЅРЅРёРєРё,2,РџСЂР°РІРёР»СЊРЅС‹Рµ РјРЅРѕРіРѕРіСЂР°РЅРЅРёРєРё,5,0,4
G10|L5|T029|S0,10,5,T029,РЎС‚РµСЂРµРѕРјРµС‚СЂРёСЏ: РјРЅРѕРіРѕРіСЂР°РЅРЅРёРєРё,0,"РџР°СЂР°Р»Р»РµР»РµРїРёРїРµРґС‹, РїСЂРёР·РјС‹",5,0,5
G10|L5|T029|S1,10,5,T029,РЎС‚РµСЂРµРѕРјРµС‚СЂРёСЏ: РјРЅРѕРіРѕРіСЂР°РЅРЅРёРєРё,1,РџРёСЂР°РјРёРґС‹,5,0,5
G10|L5|T029|S2,10,5,T029,РЎС‚РµСЂРµРѕРјРµС‚СЂРёСЏ: РјРЅРѕРіРѕРіСЂР°РЅРЅРёРєРё,2,РџСЂР°РІРёР»СЊРЅС‹Рµ РјРЅРѕРіРѕРіСЂР°РЅРЅРёРєРё,5,0,5
G10|L4|T030|S0,10,4,T030,РЎС‚РµСЂРµРѕРјРµС‚СЂРёСЏ: С‚РµР»Р° РІСЂР°С‰РµРЅРёСЏ,0,"РљРѕРЅСѓСЃ, С†РёР»РёРЅРґСЂ",5,0,4
G10|L4|T030|S1,10,4,T030,РЎС‚РµСЂРµРѕРјРµС‚СЂРёСЏ: С‚РµР»Р° РІСЂР°С‰РµРЅРёСЏ,1,"РЎС„РµСЂР°, С€Р°СЂ",5,0,4
G10|L4|T030|S2,10,4,T030,РЎС‚РµСЂРµРѕРјРµС‚СЂРёСЏ: С‚РµР»Р° РІСЂР°С‰РµРЅРёСЏ,2,"РўРµР»Р° РІСЂР°С‰РµРЅРёСЏ: СЃРµС‡РµРЅРёСЏ, РєРѕРјР±РёРЅР°С†РёРё",5,0,4
G10|L5|T030|S0,10,5,T030,РЎС‚РµСЂРµРѕРјРµС‚СЂРёСЏ: С‚РµР»Р° РІСЂР°С‰РµРЅРёСЏ,0,"РљРѕРЅСѓСЃ, С†РёР»РёРЅРґСЂ",5,0,5
G10|L5|T030|S1,10,5,T030,РЎС‚РµСЂРµРѕРјРµС‚СЂРёСЏ: С‚РµР»Р° РІСЂР°С‰РµРЅРёСЏ,1,"РЎС„РµСЂР°, С€Р°СЂ",5,0,5
G10|L5|T030|S2,10,5,T030,РЎС‚РµСЂРµРѕРјРµС‚СЂРёСЏ: С‚РµР»Р° РІСЂР°С‰РµРЅРёСЏ,2,"РўРµР»Р° РІСЂР°С‰РµРЅРёСЏ: СЃРµС‡РµРЅРёСЏ, РєРѕРјР±РёРЅР°С†РёРё",5,0,5
G10|L4|T039|S0,10,4,T039,РЈСЂР°РІРЅРµРЅРёСЏ: РїРѕРєР°Р·Р°С‚РµР»СЊРЅС‹Рµ Рё Р»РѕРіР°СЂРёС„РјРёС‡РµСЃРєРёРµ,0,Р›РѕРіР°СЂРёС„РјРёС‡РµСЃРєРёРµ СѓСЂР°РІРЅРµРЅРёСЏ,5,0,4
G10|L4|T039|S1,10,4,T039,РЈСЂР°РІРЅРµРЅРёСЏ: РїРѕРєР°Р·Р°С‚РµР»СЊРЅС‹Рµ Рё Р»РѕРіР°СЂРёС„РјРёС‡РµСЃРєРёРµ,1,РџРѕРєР°Р·Р°С‚РµР»СЊРЅС‹Рµ СѓСЂР°РІРЅРµРЅРёСЏ,5,0,4
G10|L4|T039|S2,10,4,T039,РЈСЂР°РІРЅРµРЅРёСЏ: РїРѕРєР°Р·Р°С‚РµР»СЊРЅС‹Рµ Рё Р»РѕРіР°СЂРёС„РјРёС‡РµСЃРєРёРµ,2,РЎРёСЃС‚РµРјС‹ РїРѕРєР°Р·Р°С‚РµР»СЊРЅС‹С… Рё Р»РѕРіР°СЂРёС„РјРёС‡РµСЃРєРёС… СѓСЂР°РІРЅРµРЅРёР№,5,0,4
G10|L5|T039|S0,10,5,T039,РЈСЂР°РІРЅРµРЅРёСЏ: РїРѕРєР°Р·Р°С‚РµР»СЊРЅС‹Рµ Рё Р»РѕРіР°СЂРёС„РјРёС‡РµСЃРєРёРµ,0,Р›РѕРіР°СЂРёС„РјРёС‡РµСЃРєРёРµ СѓСЂР°РІРЅРµРЅРёСЏ,5,0,5
G10|L5|T039|S1,10,5,T039,РЈСЂР°РІРЅРµРЅРёСЏ: РїРѕРєР°Р·Р°С‚РµР»СЊРЅС‹Рµ Рё Р»РѕРіР°СЂРёС„РјРёС‡РµСЃРєРёРµ,1,РџРѕРєР°Р·Р°С‚РµР»СЊРЅС‹Рµ СѓСЂР°РІРЅРµРЅРёСЏ,5,0,5
G10|L5|T039|S2,10,5,T039,РЈСЂР°РІРЅРµРЅРёСЏ: РїРѕРєР°Р·Р°С‚РµР»СЊРЅС‹Рµ Рё Р»РѕРіР°СЂРёС„РјРёС‡РµСЃРєРёРµ,2,РЎРёСЃС‚РµРјС‹ РїРѕРєР°Р·Р°С‚РµР»СЊРЅС‹С… Рё Р»РѕРіР°СЂРёС„РјРёС‡РµСЃРєРёС… СѓСЂР°РІРЅРµРЅРёР№,5,0,5
G11|L4|T001|S0,11,4,T001,РђР»РіРµР±СЂР°: С‚РµРѕСЂРёСЏ РіСЂСѓРїРї,0,Р“СЂСѓРїРїС‹: РѕРїСЂРµРґРµР»РµРЅРёСЏ Рё РїСЂРёРјРµСЂС‹,5,0,4
G11|L4|T001|S1,11,4,T001,РђР»РіРµР±СЂР°: С‚РµРѕСЂРёСЏ РіСЂСѓРїРї,1,"Р“СЂСѓРїРїС‹: РїРѕРґРіСЂСѓРїРїС‹, СЃРјРµР¶РЅС‹Рµ РєР»Р°СЃСЃС‹",5,0,4
G11|L4|T001|S2,11,4,T001,РђР»РіРµР±СЂР°: С‚РµРѕСЂРёСЏ РіСЂСѓРїРї,2,Р“РѕРјРѕРјРѕСЂС„РёР·РјС‹ Рё С„Р°РєС‚РѕСЂРіСЂСѓРїРїС‹,5,0,4
G11|L5|T001|S0,11,5,T001,РђР»РіРµР±СЂР°: С‚РµРѕСЂРёСЏ РіСЂСѓРїРї,0,Р“СЂСѓРїРїС‹: РѕРїСЂРµРґРµР»РµРЅРёСЏ Рё РїСЂРёРјРµСЂС‹,5,0,5
G11|L4|T021|S0,11,4,T021,РџСЂРѕРёР·РІРѕРґРЅР°СЏ Рё РµС‘ РїСЂРёРјРµРЅРµРЅРёРµ,0,Р“РµРѕРјРµС‚СЂРёС‡РµСЃРєРёР№ СЃРјС‹СЃР» РїСЂРѕРёР·РІРѕРґРЅРѕР№,5,0,4
G11|L4|T021|S1,11,4,T021,РџСЂРѕРёР·РІРѕРґРЅР°СЏ Рё РµС‘ РїСЂРёРјРµРЅРµРЅРёРµ,1,РСЃСЃР»РµРґРѕРІР°РЅРёРµ С„СѓРЅРєС†РёР№ СЃ РїРѕРјРѕС‰СЊСЋ РїСЂРѕРёР·РІРѕРґРЅРѕР№,5,0,4
G11|L4|T021|S2,11,4,T021,РџСЂРѕРёР·РІРѕРґРЅР°СЏ Рё РµС‘ РїСЂРёРјРµРЅРµРЅРёРµ,2,РџСЂР°РІРёР»Р° Рё С„РѕСЂРјСѓР»С‹ РґРёС„С„РµСЂРµРЅС†РёСЂРѕРІР°РЅРёСЏ,5,0,4
G11|L5|T021|S0,11,5,T021,РџСЂРѕРёР·РІРѕРґРЅР°СЏ Рё РµС‘ РїСЂРёРјРµРЅРµРЅРёРµ,0,Р“РµРѕРјРµС‚СЂРёС‡РµСЃРєРёР№ СЃРјС‹СЃР» РїСЂРѕРёР·РІРѕРґРЅРѕР№,5,0,5
G11|L5|T021|S2,11,5,T021,РџСЂРѕРёР·РІРѕРґРЅР°СЏ Рё РµС‘ РїСЂРёРјРµРЅРµРЅРёРµ,2,РџСЂР°РІРёР»Р° Рё С„РѕСЂРјСѓР»С‹ РґРёС„С„РµСЂРµРЅС†РёСЂРѕРІР°РЅРёСЏ,5,0,5
G11|L4|T031|S0,11,4,T031,РЎС‚РµСЂРµРѕРјРµС‚СЂРёСЏ: СѓРіРѕР» Рё СЂР°СЃСЃС‚РѕСЏРЅРёРµ,0,Р Р°СЃСЃС‚РѕСЏРЅРёРµ РѕС‚ С‚РѕС‡РєРё РґРѕ РїР»РѕСЃРєРѕСЃС‚Рё,5,0,4
G11|L4|T031|S1,11,4,T031,РЎС‚РµСЂРµРѕРјРµС‚СЂРёСЏ: СѓРіРѕР» Рё СЂР°СЃСЃС‚РѕСЏРЅРёРµ,1,РЈРіРѕР» РјРµР¶РґСѓ РїР»РѕСЃРєРѕСЃС‚СЏРјРё (РґРІСѓРіСЂР°РЅРЅС‹Р№ СѓРіРѕР»),5,0,4
G11|L4|T031|S2,11,4,T031,РЎС‚РµСЂРµРѕРјРµС‚СЂРёСЏ: СѓРіРѕР» Рё СЂР°СЃСЃС‚РѕСЏРЅРёРµ,2,РЈРіРѕР» РјРµР¶РґСѓ РїСЂСЏРјРѕР№ Рё РїР»РѕСЃРєРѕСЃС‚СЊСЋ,5,0,4
G11|L5|T031|S0,11,5,T031,РЎС‚РµСЂРµРѕРјРµС‚СЂРёСЏ: СѓРіРѕР» Рё СЂР°СЃСЃС‚РѕСЏРЅРёРµ,0,Р Р°СЃСЃС‚РѕСЏРЅРёРµ РѕС‚ С‚РѕС‡РєРё РґРѕ РїР»РѕСЃРєРѕСЃС‚Рё,5,0,5
G11|L5|T031|S1,11,5,T031,РЎС‚РµСЂРµРѕРјРµС‚СЂРёСЏ: СѓРіРѕР» Рё СЂР°СЃСЃС‚РѕСЏРЅРёРµ,1,РЈРіРѕР» РјРµР¶РґСѓ РїР»РѕСЃРєРѕСЃС‚СЏРјРё (РґРІСѓРіСЂР°РЅРЅС‹Р№ СѓРіРѕР»),5,0,5
G11|L5|T031|S2,11,5,T031,РЎС‚РµСЂРµРѕРјРµС‚СЂРёСЏ: СѓРіРѕР» Рё СЂР°СЃСЃС‚РѕСЏРЅРёРµ,2,РЈРіРѕР» РјРµР¶РґСѓ РїСЂСЏРјРѕР№ Рё РїР»РѕСЃРєРѕСЃС‚СЊСЋ,5,0,5
G11|L4|T034|S0,11,4,T034,РўРµРѕСЂРёСЏ РІРµСЂРѕСЏС‚РЅРѕСЃС‚РµР№: РґРёСЃРєСЂРµС‚РЅС‹Рµ СЂР°СЃРїСЂРµРґРµР»РµРЅРёСЏ,0,Р‘РёРЅРѕРјРёР°Р»СЊРЅРѕРµ СЂР°СЃРїСЂРµРґРµР»РµРЅРёРµ,5,0,4
G11|L4|T034|S1,11,4,T034,РўРµРѕСЂРёСЏ РІРµСЂРѕСЏС‚РЅРѕСЃС‚РµР№: РґРёСЃРєСЂРµС‚РЅС‹Рµ СЂР°СЃРїСЂРµРґРµР»РµРЅРёСЏ,1,Р”РёСЃРєСЂРµС‚РЅС‹Рµ СЃР»СѓС‡Р°Р№РЅС‹Рµ РІРµР»РёС‡РёРЅС‹,5,0,4
G11|L4|T034|S2,11,4,T034,РўРµРѕСЂРёСЏ РІРµСЂРѕСЏС‚РЅРѕСЃС‚РµР№: РґРёСЃРєСЂРµС‚РЅС‹Рµ СЂР°СЃРїСЂРµРґРµР»РµРЅРёСЏ,2,РњР°С‚РµРјР°С‚РёС‡РµСЃРєРѕРµ РѕР¶РёРґР°РЅРёРµ Рё РґРёСЃРїРµСЂСЃРёСЏ,5,0,4
G11|L5|T034|S1,11,5,T034,РўРµРѕСЂРёСЏ РІРµСЂРѕСЏС‚РЅРѕСЃС‚РµР№: РґРёСЃРєСЂРµС‚РЅС‹Рµ СЂР°СЃРїСЂРµРґРµР»РµРЅРёСЏ,1,Р”РёСЃРєСЂРµС‚РЅС‹Рµ СЃР»СѓС‡Р°Р№РЅС‹Рµ РІРµР»РёС‡РёРЅС‹,5,0,5
G11|L5|T034|S2,11,5,T034,РўРµРѕСЂРёСЏ РІРµСЂРѕСЏС‚РЅРѕСЃС‚РµР№: РґРёСЃРєСЂРµС‚РЅС‹Рµ СЂР°СЃРїСЂРµРґРµР»РµРЅРёСЏ,2,РњР°С‚РµРјР°С‚РёС‡РµСЃРєРѕРµ РѕР¶РёРґР°РЅРёРµ Рё РґРёСЃРїРµСЂСЃРёСЏ,5,0,5
G11|L4|T040|S0,11,4,T040,РЈСЂР°РІРЅРµРЅРёСЏ: С‚СЂРёРіРѕРЅРѕРјРµС‚СЂРёС‡РµСЃРєРёРµ СЃРёСЃС‚РµРјС‹,0,РЎРёСЃС‚РµРјС‹ С‚СЂРёРіРѕРЅРѕРјРµС‚СЂРёС‡РµСЃРєРёС… СѓСЂР°РІРЅРµРЅРёР№,5,0,4
G11|L4|T040|S1,11,4,T040,РЈСЂР°РІРЅРµРЅРёСЏ: С‚СЂРёРіРѕРЅРѕРјРµС‚СЂРёС‡РµСЃРєРёРµ СЃРёСЃС‚РµРјС‹,1,РўСЂРёРіРѕРЅРѕРјРµС‚СЂРёС‡РµСЃРєРёРµ СѓСЂР°РІРЅРµРЅРёСЏ СЃ РїР°СЂР°РјРµС‚СЂРѕРј,5,0,4
G11|L4|T040|S2,11,4,T040,РЈСЂР°РІРЅРµРЅРёСЏ: С‚СЂРёРіРѕРЅРѕРјРµС‚СЂРёС‡РµСЃРєРёРµ СЃРёСЃС‚РµРјС‹,2,РўСЂРёРіРѕРЅРѕРјРµС‚СЂРёС‡РµСЃРєРёРµ СѓСЂР°РІРЅРµРЅРёСЏ СЃ РѕС‚Р±РѕСЂРѕРј РєРѕСЂРЅРµР№,5,0,4
G11|L5|T040|S0,11,5,T040,РЈСЂР°РІРЅРµРЅРёСЏ: С‚СЂРёРіРѕРЅРѕРјРµС‚СЂРёС‡РµСЃРєРёРµ СЃРёСЃС‚РµРјС‹,0,РЎРёСЃС‚РµРјС‹ С‚СЂРёРіРѕРЅРѕРјРµС‚СЂРёС‡РµСЃРєРёС… СѓСЂР°РІРЅРµРЅРёР№,5,0,5
G11|L5|T040|S1,11,5,T040,РЈСЂР°РІРЅРµРЅРёСЏ: С‚СЂРёРіРѕРЅРѕРјРµС‚СЂРёС‡РµСЃРєРёРµ СЃРёСЃС‚РµРјС‹,1,РўСЂРёРіРѕРЅРѕРјРµС‚СЂРёС‡РµСЃРєРёРµ СѓСЂР°РІРЅРµРЅРёСЏ СЃ РїР°СЂР°РјРµС‚СЂРѕРј,5,0,5
G11|L5|T040|S2,11,5,T040,РЈСЂР°РІРЅРµРЅРёСЏ: С‚СЂРёРіРѕРЅРѕРјРµС‚СЂРёС‡РµСЃРєРёРµ СЃРёСЃС‚РµРјС‹,2,РўСЂРёРіРѕРЅРѕРјРµС‚СЂРёС‡РµСЃРєРёРµ СѓСЂР°РІРЅРµРЅРёСЏ СЃ РѕС‚Р±РѕСЂРѕРј РєРѕСЂРЅРµР№,5,0,5
G11|L4|T041|S0,11,4,T041,"Р§РёСЃР»Р°, РёРЅРґСѓРєС†РёСЏ, Р°Р»РіРѕСЂРёС‚РјС‹",0,РђР»РіРѕСЂРёС‚РјС‹ Рё РІС‹С‡РёСЃР»РµРЅРёСЏ,5,0,4
G11|L4|T041|S1,11,4,T041,"Р§РёСЃР»Р°, РёРЅРґСѓРєС†РёСЏ, Р°Р»РіРѕСЂРёС‚РјС‹",1,РљРѕРјРїР»РµРєСЃРЅС‹Рµ С‡РёСЃР»Р°,5,0,4
G11|L4|T041|S2,11,4,T041,"Р§РёСЃР»Р°, РёРЅРґСѓРєС†РёСЏ, Р°Р»РіРѕСЂРёС‚РјС‹",2,РњРµС‚РѕРґ РјР°С‚РµРјР°С‚РёС‡РµСЃРєРѕР№ РёРЅРґСѓРєС†РёРё,5,0,4
G11|L5|T041|S0,11,5,T041,"Р§РёСЃР»Р°, РёРЅРґСѓРєС†РёСЏ, Р°Р»РіРѕСЂРёС‚РјС‹",0,РђР»РіРѕСЂРёС‚РјС‹ Рё РІС‹С‡РёСЃР»РµРЅРёСЏ,5,0,5
G11|L5|T041|S1,11,5,T041,"Р§РёСЃР»Р°, РёРЅРґСѓРєС†РёСЏ, Р°Р»РіРѕСЂРёС‚РјС‹",1,РљРѕРјРїР»РµРєСЃРЅС‹Рµ С‡РёСЃР»Р°,5,0,5
G11|L5|T041|S2,11,5,T041,"Р§РёСЃР»Р°, РёРЅРґСѓРєС†РёСЏ, Р°Р»РіРѕСЂРёС‚РјС‹",2,РњРµС‚РѕРґ РјР°С‚РµРјР°С‚РёС‡РµСЃРєРѕР№ РёРЅРґСѓРєС†РёРё,5,0,5
G11|L4|T043|S0,11,4,T043,РЎС‚РµСЂРµРѕРјРµС‚СЂРёСЏ: РѕР±СЉС‘РјС‹ Рё СЃРµС‡РµРЅРёСЏ,0,РћР±СЉС‘Рј РјРЅРѕРіРѕРіСЂР°РЅРЅРёРєРѕРІ,5,0,4
G11|L4|T043|S1,11,4,T043,РЎС‚РµСЂРµРѕРјРµС‚СЂРёСЏ: РѕР±СЉС‘РјС‹ Рё СЃРµС‡РµРЅРёСЏ,1,РћР±СЉС‘Рј С‚РµР» РІСЂР°С‰РµРЅРёСЏ,5,0,4
G11|L4|T043|S2,11,4,T043,РЎС‚РµСЂРµРѕРјРµС‚СЂРёСЏ: РѕР±СЉС‘РјС‹ Рё СЃРµС‡РµРЅРёСЏ,2,РЎРµС‡РµРЅРёСЏ РјРЅРѕРіРѕРіСЂР°РЅРЅРёРєРѕРІ,5,0,4
G11|L5|T043|S0,11,5,T043,РЎС‚РµСЂРµРѕРјРµС‚СЂРёСЏ: РѕР±СЉС‘РјС‹ Рё СЃРµС‡РµРЅРёСЏ,0,РћР±СЉС‘Рј РјРЅРѕРіРѕРіСЂР°РЅРЅРёРєРѕРІ,5,0,5
G11|L5|T043|S2,11,5,T043,РЎС‚РµСЂРµРѕРјРµС‚СЂРёСЏ: РѕР±СЉС‘РјС‹ Рё СЃРµС‡РµРЅРёСЏ,2,РЎРµС‡РµРЅРёСЏ РјРЅРѕРіРѕРіСЂР°РЅРЅРёРєРѕРІ,5,0,5
G5|L4|T022|S2,5,4,T022,"РџСЂРѕС†РµРЅС‚С‹, РѕС‚РЅРѕС€РµРЅРёСЏ Рё РїСЂРѕРїРѕСЂС†РёРё",2,РџСЂСЏРјР°СЏ Рё РѕР±СЂР°С‚РЅР°СЏ РїСЂРѕРїРѕСЂС†РёРѕРЅР°Р»СЊРЅРѕСЃС‚СЊ,3,2,4
G7|L5|T023|S1,7,5,T023,Р Р°С†РёРѕРЅР°Р»СЊРЅС‹Рµ СѓСЂР°РІРЅРµРЅРёСЏ Рё РЅРµСЂР°РІРµРЅСЃС‚РІР°,1,РњРµС‚РѕРґ Р·Р°РјРµРЅС‹ РїРµСЂРµРјРµРЅРЅРѕР№ РІ СЂР°С†РёРѕРЅР°Р»СЊРЅС‹С… СѓСЂР°РІРЅРµРЅРёСЏС…,3,2,5
G5|L5|T024|S0,5,5,T024,Р РµС€РµРЅРёРµ Р·Р°РґР°С‡: Р°РЅР°Р»РёР· Рё РёРЅС‚РµСЂРїСЂРµС‚Р°С†РёСЏ,0,РћС†РµРЅРєР° Рё РїСЂРёРєРёРґРєР°,2,3,5
G6|L5|T018|S0,6,5,T018,РџР»Р°РЅРёРјРµС‚СЂРёСЏ: РїР»РѕС‰Р°РґСЊ,0,РџР»РѕС‰Р°РґРё РїРѕРґРѕР±РЅС‹С… С„РёРіСѓСЂ,2,3,5
G5|L5|T002|S1,5,5,T002,РђСЂРёС„РјРµС‚РёРєР° Рё С‚РµРѕСЂРёСЏ С‡РёСЃРµР»,1,"РќРћР”, РќРћРљ, Р°Р»РіРѕСЂРёС‚Рј Р•РІРєР»РёРґР°",1,4,5
G5|L5|T002|S2,5,5,T002,РђСЂРёС„РјРµС‚РёРєР° Рё С‚РµРѕСЂРёСЏ С‡РёСЃРµР»,2,РЎСЂР°РІРЅРµРЅРёСЏ РїРѕ РјРѕРґСѓР»СЋ (a в‰Ў b mod n),1,4,5
G5|L5|T004|S0,5,5,T004,Р“СЂР°С„С‹: РѕСЃРЅРѕРІРЅС‹Рµ РїРѕРЅСЏС‚РёСЏ,0,"Р“СЂР°С„С‹: РѕРїСЂРµРґРµР»РµРЅРёСЏ, РёР·РѕРјРѕСЂС„РёР·Рј",1,4,5
G5|L5|T005|S2,5,5,T005,Р”РѕРїРѕР»РЅРёС‚РµР»СЊРЅС‹Рµ Р·Р°РґР°С‡Рё Рё СЃРјРµС€Р°РЅРЅС‹Рµ С‚РµРјС‹,2,РџСЂРёРєР»Р°РґРЅС‹Рµ Р·Р°РґР°С‡Рё,1,4,5
G6|L5|T018|S1,6,5,T018,РџР»Р°РЅРёРјРµС‚СЂРёСЏ: РїР»РѕС‰Р°РґСЊ,1,РџР»РѕС‰Р°РґСЊ РєСЂСѓРіР° Рё РµРіРѕ С‡Р°СЃС‚РµР№,1,4,5
G11|L5|T021|S1,11,5,T021,РџСЂРѕРёР·РІРѕРґРЅР°СЏ Рё РµС‘ РїСЂРёРјРµРЅРµРЅРёРµ,1,РСЃСЃР»РµРґРѕРІР°РЅРёРµ С„СѓРЅРєС†РёР№ СЃ РїРѕРјРѕС‰СЊСЋ РїСЂРѕРёР·РІРѕРґРЅРѕР№,1,4,5
G5|L4|T004|S2,5,4,T004,Р“СЂР°С„С‹: РѕСЃРЅРѕРІРЅС‹Рµ РїРѕРЅСЏС‚РёСЏ,2,РЎРІСЏР·РЅРѕСЃС‚СЊ Рё РєРѕРјРїРѕРЅРµРЅС‚С‹ СЃРІСЏР·РЅРѕСЃС‚Рё,0,5,L4
G5|L5|T004|S1,5,5,T004,Р“СЂР°С„С‹: РѕСЃРЅРѕРІРЅС‹Рµ РїРѕРЅСЏС‚РёСЏ,1,"РњР°СЂС€СЂСѓС‚С‹, С†РµРїРё, С†РёРєР»С‹, Р­Р№Р»РµСЂРѕРІС‹ РіСЂР°С„С‹",0,5,L5
G5|L5|T004|S2,5,5,T004,Р“СЂР°С„С‹: РѕСЃРЅРѕРІРЅС‹Рµ РїРѕРЅСЏС‚РёСЏ,2,РЎРІСЏР·РЅРѕСЃС‚СЊ Рё РєРѕРјРїРѕРЅРµРЅС‚С‹ СЃРІСЏР·РЅРѕСЃС‚Рё,0,5,L5
G5|L4|T005|S0,5,4,T005,Р”РѕРїРѕР»РЅРёС‚РµР»СЊРЅС‹Рµ Р·Р°РґР°С‡Рё Рё СЃРјРµС€Р°РЅРЅС‹Рµ С‚РµРјС‹,0,Р—Р°РґР°С‡Рё РЅР° РѕРїС‚РёРјРёР·Р°С†РёСЋ,0,5,L4
G5|L4|T005|S1,5,4,T005,Р”РѕРїРѕР»РЅРёС‚РµР»СЊРЅС‹Рµ Р·Р°РґР°С‡Рё Рё СЃРјРµС€Р°РЅРЅС‹Рµ С‚РµРјС‹,1,РљРѕРјР±РёРЅРёСЂРѕРІР°РЅРЅС‹Рµ Р·Р°РґР°С‡Рё (Р°Р»РіРµР±СЂР° + РіРµРѕРјРµС‚СЂРёСЏ),0,5,L4
G5|L5|T005|S0,5,5,T005,Р”РѕРїРѕР»РЅРёС‚РµР»СЊРЅС‹Рµ Р·Р°РґР°С‡Рё Рё СЃРјРµС€Р°РЅРЅС‹Рµ С‚РµРјС‹,0,Р—Р°РґР°С‡Рё РЅР° РѕРїС‚РёРјРёР·Р°С†РёСЋ,0,5,L5
G5|L5|T005|S1,5,5,T005,Р”РѕРїРѕР»РЅРёС‚РµР»СЊРЅС‹Рµ Р·Р°РґР°С‡Рё Рё СЃРјРµС€Р°РЅРЅС‹Рµ С‚РµРјС‹,1,РљРѕРјР±РёРЅРёСЂРѕРІР°РЅРЅС‹Рµ Р·Р°РґР°С‡Рё (Р°Р»РіРµР±СЂР° + РіРµРѕРјРµС‚СЂРёСЏ),0,5,L5
G5|L4|T008|S1,5,4,T008,Р›РѕРіРёРєР° Рё РјРЅРѕР¶РµСЃС‚РІР°,1,Р›РѕРіРёС‡РµСЃРєРёРµ РѕРїРµСЂР°С†РёРё Рё С‚Р°Р±Р»РёС†С‹ РёСЃС‚РёРЅРЅРѕСЃС‚Рё,0,5,L4
G5|L5|T008|S0,5,5,T008,Р›РѕРіРёРєР° Рё РјРЅРѕР¶РµСЃС‚РІР°,0,Р‘СѓР»РµРІС‹ С„СѓРЅРєС†РёРё Рё РёС… РјРёРЅРёРјРёР·Р°С†РёСЏ,0,5,L5
G5|L5|T008|S1,5,5,T008,Р›РѕРіРёРєР° Рё РјРЅРѕР¶РµСЃС‚РІР°,1,Р›РѕРіРёС‡РµСЃРєРёРµ РѕРїРµСЂР°С†РёРё Рё С‚Р°Р±Р»РёС†С‹ РёСЃС‚РёРЅРЅРѕСЃС‚Рё,0,5,L5
G5|L5|T022|S0,5,5,T022,"РџСЂРѕС†РµРЅС‚С‹, РѕС‚РЅРѕС€РµРЅРёСЏ Рё РїСЂРѕРїРѕСЂС†РёРё",0,Р—Р°РґР°С‡Рё РЅР° РїСЂРѕС†РµРЅС‚С‹,0,5,L5
G5|L5|T022|S1,5,5,T022,"РџСЂРѕС†РµРЅС‚С‹, РѕС‚РЅРѕС€РµРЅРёСЏ Рё РїСЂРѕРїРѕСЂС†РёРё",1,РџСЂРѕРїРѕСЂС†РёРё Рё РѕС‚РЅРѕС€РµРЅРёСЏ,0,5,L5
G5|L5|T022|S2,5,5,T022,"РџСЂРѕС†РµРЅС‚С‹, РѕС‚РЅРѕС€РµРЅРёСЏ Рё РїСЂРѕРїРѕСЂС†РёРё",2,РџСЂСЏРјР°СЏ Рё РѕР±СЂР°С‚РЅР°СЏ РїСЂРѕРїРѕСЂС†РёРѕРЅР°Р»СЊРЅРѕСЃС‚СЊ,0,5,L5
G5|L5|T024|S1,5,5,T024,Р РµС€РµРЅРёРµ Р·Р°РґР°С‡: Р°РЅР°Р»РёР· Рё РёРЅС‚РµСЂРїСЂРµС‚Р°С†РёСЏ,1,РџСЂРѕРІРµСЂРєР° СЂРµС€РµРЅРёСЏ Рё РїРѕРёСЃРє РѕС€РёР±РѕРє,0,5,L5
G5|L5|T024|S2,5,5,T024,Р РµС€РµРЅРёРµ Р·Р°РґР°С‡: Р°РЅР°Р»РёР· Рё РёРЅС‚РµСЂРїСЂРµС‚Р°С†РёСЏ,2,РЎРѕСЃС‚Р°РІР»РµРЅРёРµ РїР»Р°РЅР° СЂРµС€РµРЅРёСЏ,0,5,L5
G6|L5|T006|S2,6,5,T006,РљРѕРјР±РёРЅР°С‚РѕСЂРёРєР° Рё РІРµСЂРѕСЏС‚РЅРѕСЃС‚СЊ,2,Р Р°Р·РјРµС‰РµРЅРёСЏ Рё СЃРѕС‡РµС‚Р°РЅРёСЏ,0,5,L5
G6|L5|T007|S0,6,5,T007,РљРѕРјР±РёРЅР°С‚РѕСЂРёРєР° Рё С‚РµРѕСЂРёСЏ РёРіСЂ,0,Р’С‹РёРіСЂС‹С€РЅС‹Рµ Рё РїСЂРѕРёРіСЂС‹С€РЅС‹Рµ РїРѕР·РёС†РёРё,0,5,L5
G6|L5|T007|S1,6,5,T007,РљРѕРјР±РёРЅР°С‚РѕСЂРёРєР° Рё С‚РµРѕСЂРёСЏ РёРіСЂ,1,РРіСЂС‹ СЃ СЃРёРјРјРµС‚СЂРёС‡РЅРѕР№ СЃС‚СЂР°С‚РµРіРёРµР№,0,5,L5
G6|L5|T007|S2,6,5,T007,РљРѕРјР±РёРЅР°С‚РѕСЂРёРєР° Рё С‚РµРѕСЂРёСЏ РёРіСЂ,2,РЎС‚СЂР°С‚РµРіРёСЏ Рё Р°РЅР°Р»РёР· РёРіСЂ,0,5,L5
G6|L5|T016|S1,6,5,T016,РџР»Р°РЅРёРјРµС‚СЂРёСЏ: РјРЅРѕРіРѕСѓРіРѕР»СЊРЅРёРєРё,1,РџР°СЂР°Р»Р»РµР»РѕРіСЂР°РјРјС‹ Рё С‚СЂР°РїРµС†РёРё,0,5,L5
G6|L5|T018|S2,6,5,T018,РџР»Р°РЅРёРјРµС‚СЂРёСЏ: РїР»РѕС‰Р°РґСЊ,2,Р¤РѕСЂРјСѓР»С‹ РїР»РѕС‰Р°РґРё С‚СЂРµСѓРіРѕР»СЊРЅРёРєР° Рё С‡РµС‚С‹СЂС‘С…СѓРіРѕР»СЊРЅРёРєР°,0,5,L5
G6|L5|T032|S1,6,5,T032,РўРµРєСЃС‚РѕРІС‹Рµ Р·Р°РґР°С‡Рё: РґРІРёР¶РµРЅРёРµ,1,Р”РІРёР¶РµРЅРёРµ РїРѕ РІРѕРґРµ,0,5,L5
G6|L5|T033|S0,6,5,T033,РўРµРєСЃС‚РѕРІС‹Рµ Р·Р°РґР°С‡Рё: РїСЂРѕРёР·РІРѕРґРёС‚РµР»СЊРЅРѕСЃС‚СЊ Рё СЃРјРµСЃРё,0,"Р—Р°РґР°С‡Рё РЅР° РєРѕРЅС†РµРЅС‚СЂР°С†РёСЋ, СЃРїР»Р°РІС‹, СЃРјРµСЃРё",0,5,L5
G6|L5|T033|S1,6,5,T033,РўРµРєСЃС‚РѕРІС‹Рµ Р·Р°РґР°С‡Рё: РїСЂРѕРёР·РІРѕРґРёС‚РµР»СЊРЅРѕСЃС‚СЊ Рё СЃРјРµСЃРё,1,Р—Р°РґР°С‡Рё РЅР° СЃРѕРІРјРµСЃС‚РЅСѓСЋ СЂР°Р±РѕС‚Сѓ,0,5,L5
G6|L5|T033|S2,6,5,T033,РўРµРєСЃС‚РѕРІС‹Рµ Р·Р°РґР°С‡Рё: РїСЂРѕРёР·РІРѕРґРёС‚РµР»СЊРЅРѕСЃС‚СЊ Рё СЃРјРµСЃРё,2,Р—Р°РґР°С‡Рё РЅР° РїСЂРѕРёР·РІРѕРґРёС‚РµР»СЊРЅРѕСЃС‚СЊ С‚СЂСѓРґР°,0,5,L5
G7|L5|T003|S1,7,5,T003,Р’РµСЂРѕСЏС‚РЅРѕСЃС‚СЊ Рё РєРѕРјР±РёРЅР°С‚РѕСЂРёРєР°,1,РљР»Р°СЃСЃРёС‡РµСЃРєР°СЏ РІРµСЂРѕСЏС‚РЅРѕСЃС‚СЊ,0,5,L5
G7|L5|T003|S2,7,5,T003,Р’РµСЂРѕСЏС‚РЅРѕСЃС‚СЊ Рё РєРѕРјР±РёРЅР°С‚РѕСЂРёРєР°,2,РЈСЃР»РѕРІРЅР°СЏ РІРµСЂРѕСЏС‚РЅРѕСЃС‚СЊ Рё С„РѕСЂРјСѓР»Р° Р‘Р°Р№РµСЃР°,0,5,L5
G11|L5|T001|S1,11,5,T001,РђР»РіРµР±СЂР°: С‚РµРѕСЂРёСЏ РіСЂСѓРїРї,1,"Р“СЂСѓРїРїС‹: РїРѕРґРіСЂСѓРїРїС‹, СЃРјРµР¶РЅС‹Рµ РєР»Р°СЃСЃС‹",0,5,L5
G11|L5|T001|S2,11,5,T001,РђР»РіРµР±СЂР°: С‚РµРѕСЂРёСЏ РіСЂСѓРїРї,2,Р“РѕРјРѕРјРѕСЂС„РёР·РјС‹ Рё С„Р°РєС‚РѕСЂРіСЂСѓРїРїС‹,0,5,L5
G11|L5|T034|S0,11,5,T034,РўРµРѕСЂРёСЏ РІРµСЂРѕСЏС‚РЅРѕСЃС‚РµР№: РґРёСЃРєСЂРµС‚РЅС‹Рµ СЂР°СЃРїСЂРµРґРµР»РµРЅРёСЏ,0,Р‘РёРЅРѕРјРёР°Р»СЊРЅРѕРµ СЂР°СЃРїСЂРµРґРµР»РµРЅРёРµ,0,5,L5
G11|L5|T043|S1,11,5,T043,РЎС‚РµСЂРµРѕРјРµС‚СЂРёСЏ: РѕР±СЉС‘РјС‹ Рё СЃРµС‡РµРЅРёСЏ,1,РћР±СЉС‘Рј С‚РµР» РІСЂР°С‰РµРЅРёСЏ,0,5,L5
